artist_name,track_name,track_id,danceability,energy,key,loudness,mode,speechiness,acousticness,instrumentalness,liveness,valence,tempo
The Weeknd,Blinding Lights,0VjIjW4GlUZAMYd2vXMi3b,0.513,0.73,1,-5.94,1,0.0598,0.00143,9.54e-05,0.0897,0.334,171.001
Ed Sheeran,Shape of You,7qiZfU4dY1lWllzX7mPBI3,0.825,0.652,1,-3.183,0,0.0802,0.581,0.0,0.0931,0.931,95.977
Lewis Capaldi,Someone You Loved,7qEHsqek33rTcFNT9PFqLf,0.501,0.405,1,-5.679,1,0.0319,0.751,0.0,0.105,0.446,109.891
Post Malone,Sunflower - Spider-Man: Into the Spider-Verse,3KkXRkHbMCARz0aVfEt68P,0.76,0.478,2,-5.574,1,0.0467,0.552,0.0,0.0703,0.913,89.908
The Weeknd,Starboy,5aAx2yezTd8zXrkmtKl66Z,0.681,0.594,7,-7.028,1,0.282,0.165,3.49e-06,0.134,0.535,186.054
Harry Styles,As It Was,4Dvkj6JhhA12EX05fT7y2e,0.52,0.731,6,-5.338,0,0.0557,0.342,0.00101,0.311,0.662,173.93
Drake,One Dance,1xznGGDReH1oQq0xzbwXa3,0.791,0.619,1,-5.886,1,0.0532,0.00784,0.00423,0.351,0.371,103.989
Tones And I,Dance Monkey,2XU0oxnq2qxCpomAAuJY8K,0.824,0.588,6,-6.4,0,0.0924,0.692,0.000104,0.149,0.513,98.027
The Kid LAROI,STAY (with Justin Bieber),5PjdY0CKGZdEuoNab3yDmX,0.591,0.764,1,-5.484,1,0.0483,0.0383,0.0,0.103,0.478,169.928
Post Malone,rockstar,7wGoVu4Dady5GV0Sv4UIsx,0.577,0.522,5,-6.594,0,0.0984,0.13,9.03e-05,0.142,0.119,159.772
Imagine Dragons,Believer,0CcQNd8CINkwQfe1RDtGV6,0.779,0.787,10,-4.305,0,0.108,0.0524,0.0,0.14,0.708,124.982
Glass Animals,Heat Waves,6CDzDgIUqeDY5g8ujExx2f,0.761,0.525,11,-6.9,1,0.0944,0.44,6.7e-06,0.0921,0.531,80.87
Ed Sheeran,Perfect,0tgVpDi06FyKpA1z0VMD4v,0.599,0.448,8,-6.312,1,0.0232,0.163,0.0,0.106,0.168,95.05
The Chainsmokers,Closer,7BKLCZ1jbUBVqRi2FVlTVw,0.748,0.524,8,-5.599,1,0.0338,0.414,0.0,0.111,0.661,95.01
Cloudy Parallels,So Long,4TGSPRYOzoYx93kV85mYTq,0.483,0.51,3,-5.549,0,0.0274,0.664,0.0,0.202,0.164,149.883
The Neighbourhood,Sweater Weather,2QjOHCTQ1Jl3zawyYOpxh6,0.612,0.807,10,-2.81,1,0.0336,0.0495,0.0177,0.101,0.398,124.053
Billie Eilish,lovely (with Khalid),0u2P5u6lvoDfwTYjAADbn4,0.351,0.296,4,-10.109,0,0.0333,0.934,0.0,0.095,0.12,115.284
Cabela and Schmitt,Testimony,4I7M8sEbqY1UPbrDtqTwwR,0.523,0.715,9,-4.814,0,0.109,0.0016,1.11e-06,0.0462,0.686,161.851
James Arthur,Say You Won't Let Go,5uCax9HTNlzGybIStD3vDh,0.358,0.557,10,-7.398,1,0.059,0.695,0.0,0.0902,0.494,85.043
Shawn Mendes,Señorita,0TK2YIli7K1leLovkQiNik,0.759,0.54,9,-6.039,0,0.0287,0.037,0.0,0.0945,0.75,116.947
Harry Styles,Watermelon Sugar,6UelLqGlWMcVH1E5c4H7lY,0.548,0.816,0,-4.209,1,0.0465,0.122,0.0,0.335,0.557,95.39
Dua Lipa,Don't Start Now,3PfIrDoz19wz7qK7tYeu62,0.793,0.793,11,-4.521,0,0.083,0.0123,0.0,0.0951,0.679,123.95
SOHM,Oh Ma,2MRyjNDFdvdPbybm5UhR8p,0.49,0.34,7,-8.591,1,0.029,0.918,0.000936,0.182,0.259,105.319
Juice WRLD,Lucid Dreams,285pBltuF7vW8TeWk8hdRR,0.511,0.566,6,-7.23,0,0.2,0.349,0.0,0.34,0.218,83.903
Billie Eilish,bad guy,2Fxmhks0bxGSBdJ92vM42m,0.701,0.425,7,-10.965,1,0.375,0.328,0.13,0.1,0.562,135.128
Drake,God's Plan,6T8cJz5lAqGer9GUHGyelE,0.755,0.448,7,-9.587,1,0.107,0.0283,3.28e-05,0.514,0.318,77.179
The Chainsmokers,Something Just Like This,6RUKPb4LETWmmr3iAEQktW,0.617,0.635,11,-6.769,0,0.0317,0.0498,1.44e-05,0.164,0.446,103.019
Artemas,if u think i'm pretty,3RWl1dP90FXmZDUeIAO20j,0.532,0.609,10,-5.75,0,0.0491,0.484,0.0251,0.367,0.398,143.636
Ed Sheeran,Photograph,1HNkqx9Ahdgi1Ixy2xkKkL,0.614,0.379,4,-10.48,1,0.0476,0.607,0.000464,0.0986,0.201,107.989
Ed Sheeran,Thinking out Loud,34gCuhDGsG4bRPIf9bb02f,0.781,0.445,2,-6.061,1,0.0295,0.474,0.0,0.184,0.591,78.998
BLITZ VEGA,Disconnected - Radio Edit,3cSRYQVLOhAMRXjod7C7Ni,0.507,0.893,1,-6.202,0,0.0369,0.000916,0.0147,0.0747,0.621,128.911
Hozier,Take Me To Church,2EiGECydkS2M8OCcRHQZhT,0.456,0.67,7,-5.212,1,0.0574,0.588,0.0,0.116,0.405,128.632
Queen,Bohemian Rhapsody - Remastered 2011,4u7EnebtmKWzUH433cf5Qv,0.411,0.404,0,-9.928,0,0.0511,0.271,0.0,0.3,0.226,71.068
Post Malone,Circles,21jGcNKet2qwijlDFuPiPb,0.695,0.763,0,-3.497,1,0.0396,0.189,0.00242,0.0863,0.551,120.042
The Hourglass Effect,Man On the Moon,2V5Kycr8uGnAA9kHCCnogd,0.455,0.686,5,-7.037,0,0.0328,0.0436,0.000242,0.137,0.427,132.563
Vance Joy,Riptide,7yq4Qj7cqayVTp3FF9CWbm,0.484,0.731,1,-6.694,1,0.0379,0.431,0.0,0.151,0.51,101.654
Lady Gaga,Shallow,2VxeLyX666F8uXCJ0dZF8B,0.577,0.385,7,-6.362,1,0.03,0.371,0.0,0.231,0.331,95.82
Justin Bieber,Love Yourself,3hB5DgAiMAQ4DzYbsMq1IT,0.609,0.378,4,-9.828,1,0.438,0.835,0.0,0.28,0.515,100.418
OneRepublic,Counting Stars,5edBgVtRD0fvWk140Sl21T,0.662,0.71,1,-4.945,0,0.0364,0.0603,0.0,0.119,0.465,121.979
Chris App,I Just Can't Love You,3O9BABRNcGdotELKd5Mh4S,0.537,0.657,3,-6.175,1,0.0747,0.253,0.0943,0.175,0.57,214.017
John Legend,All of Me,3U4isOIWM3VvDubwSI3y7a,0.422,0.264,8,-7.064,1,0.0322,0.922,0.0,0.132,0.331,119.93
Imagine Dragons,Thunder,0tKcYR2II1VCQWT79i5NrW,0.6,0.81,0,-4.749,1,0.0479,0.00683,0.21,0.155,0.298,167.88
Travis Scott,goosebumps,6gBFPUFcJLzWGx4lenP6h2,0.841,0.728,7,-3.37,1,0.0484,0.0847,0.0,0.149,0.43,130.049
Macklemore & Ryan Lewis,Can't Hold Us (feat. Ray Dalton),3bidbhpOYeV4knp8AIu8Xn,0.641,0.922,2,-4.457,1,0.0786,0.0291,0.0,0.0862,0.847,146.078
Cabela and Schmitt,Love You True - SMG,4y651TEIpNCAXywxHf2ysR,0.723,0.598,4,-9.317,0,0.0262,0.124,2.43e-06,0.0987,0.59,103.998
Tom Odell,Another Love,3JvKfv6T31zO0ini8iNItO,0.445,0.537,4,-8.532,0,0.04,0.695,1.65e-05,0.0944,0.131,122.769
Twenty One Pilots,Stressed Out,3CRDbSIZ4r5MsZ0YwxuEkn,0.734,0.637,4,-5.677,0,0.141,0.0462,2.29e-05,0.0602,0.648,169.977
Avicii,Wake Me Up - Radio Edit,6g1NlCpW7fgqDnWbCCDrHl,0.532,0.783,2,-5.697,1,0.0523,0.0038,0.0012,0.161,0.643,124.08
The Weeknd,The Hills,25khomWgBVamSdKw7hzm3l,0.356,0.567,0,-7.011,0,0.0798,0.0861,0.0,0.137,0.109,135.553
Call Me Cannon,JAMEY,3cLs3m0rKdVMbSpvptvgkf,0.636,0.689,3,-6.504,1,0.025,0.000337,0.255,0.119,0.42,96.024
Ariana Grande,7 rings,6ocbgoVGwYJhOv1GgI9NsF,0.777,0.317,1,-10.732,0,0.308,0.591,0.0,0.0881,0.33,139.848
XXXTENTACION,SAD!,3ee8Jmje8o58CHK66QrVC2,0.74,0.613,8,-4.88,1,0.145,0.258,0.00372,0.123,0.473,75.023
Passenger,Let Her Go,7DFNE7NO0raLIUbgzY2rzm,0.509,0.538,7,-7.335,1,0.0572,0.385,0.0,0.104,0.244,75.089
Coldplay,Yellow,3AJwUDP919kvQ9QcozQPxg,0.429,0.661,11,-7.227,1,0.0281,0.00239,0.000121,0.234,0.285,173.372
Kaitlyn Furey,feel it,0JvPvx2NQ7apUsxymnnDkr,0.541,0.631,0,-6.4,1,0.0299,0.00455,0.00157,0.633,0.601,172.141
Imagine Dragons,Demons,2Oehrcv4Kov0SuIgWyQY9e,0.327,0.71,3,-2.928,1,0.0547,0.202,9e-05,0.28,0.416,179.561
XXXTENTACION,Jocelyn Flores,7m9OqQk4RVRkw9JJdeAw96,0.872,0.391,0,-9.144,0,0.242,0.469,4.13e-06,0.297,0.437,134.021
Kendrick Lamar,HUMBLE.,7ujx3NYtwO2LkmKGz59mXp,0.906,0.625,1,-6.779,0,0.0903,0.000243,3.23e-05,0.0975,0.423,150.018
J. Cole,No Role Modelz,68Dni7IE4VyPkTOH9mRWHr,0.69,0.521,10,-8.492,0,0.339,0.324,0.0,0.0534,0.494,100.028
The Hourglass Effect,But Anyways,4QJmlInAGzQEwqXKRq9zcH,0.533,0.802,5,-6.837,0,0.0295,0.000569,0.465,0.331,0.601,103.081
The Weeknd,Die For You,2Ch7LmS7r2Gy2kc64wv3Bz,0.586,0.525,1,-7.163,0,0.0616,0.111,0.0,0.134,0.507,133.63
Eminem,Lose Yourself,7MJQ9Nfxzh8LPZ9e9u68Fq,0.689,0.735,2,-4.545,1,0.267,0.00922,0.00072,0.365,0.059,171.403
Olivia Rodrigo,drivers license,5wANPM4fQCJwkGd4rN57mH,0.561,0.431,10,-8.81,1,0.0578,0.768,1.42e-05,0.106,0.137,143.875
Olivia Rodrigo,good 4 u,4ZtFanR9U6ndgddUvNcjcG,0.563,0.664,9,-5.044,1,0.154,0.335,0.0,0.0849,0.688,166.928
Calvin Harris,One Kiss (with Dua Lipa),7ef4DlsgrMEH11cDZd32M6,0.791,0.862,9,-3.24,0,0.11,0.037,2.19e-05,0.0814,0.592,123.994
Shawn Mendes,Treat You Better,48DKpTEVJ2pAjxQbWTad3q,0.443,0.82,10,-4.091,0,0.34,0.107,0.0,0.107,0.771,82.697
Arctic Monkeys,Do I Wanna Know?,5FVd6KXrgO9B3JPmC8OPst,0.548,0.532,5,-7.596,1,0.0323,0.186,0.000263,0.217,0.405,85.03
Lil Uzi Vert,XO Tour Llif3,7GX5flRQZVHRAGd6B4TmDO,0.732,0.75,11,-6.366,0,0.231,0.00264,0.0,0.109,0.401,155.096
Travis Scott,SICKO MODE,2xLMifQCjDGFmkHkpNLD9h,0.834,0.73,8,-3.714,1,0.222,0.00513,0.0,0.124,0.446,155.008
Noah Kahan,Homesick (with Sam Fender),2l7UudWZ44l1WbHx6ANod9,0.466,0.629,6,-6.468,1,0.0368,0.0248,6.65e-06,0.33,0.383,169.798
Marshmello,Happier,2dpaYNEQHiRxtZbfNsse99,0.687,0.792,5,-2.749,1,0.0452,0.191,0.0,0.167,0.671,100.011
DJ Snake,Let Me Love You,0lYBSQXN6rCTvUZvg9S0lU,0.475,0.715,8,-5.371,1,0.058,0.0863,2.67e-05,0.135,0.159,199.892
The Killers,Mr. Brightside,003vvx7Niy0yvhvHt4a68B,0.352,0.911,1,-5.23,1,0.0747,0.00121,0.0,0.0995,0.236,148.033
Dua Lipa,New Rules,2ekn2ttSfGqwhhate0LSR0,0.762,0.7,9,-6.021,0,0.0694,0.00261,1.56e-05,0.153,0.608,116.073
Camila Cabello,Havana (feat. Young Thug),1rfofaqEpACxVEHIZBJe6W,0.765,0.523,2,-4.333,1,0.03,0.184,3.56e-05,0.132,0.394,104.988
Justin Bieber,Sorry,69bp2EbF7Q2rqc5N3ylezZ,0.654,0.76,0,-3.669,0,0.045,0.0797,0.0,0.299,0.41,99.945
Sam Smith,Stay With Me,2whoe0pPKh4JRn6eWSIqTV,0.414,0.419,0,-6.431,1,0.0388,0.55,0.000195,0.11,0.18,84.082
Dua Lipa,Levitating (feat. DaBaby),463CkQjx2Zk1yXoBuierM9,0.702,0.825,6,-3.787,0,0.0601,0.00883,0.0,0.0674,0.915,102.977
Halsey,Without Me (with Juice WRLD),6Zc5f20q7sOe1IC1c1jQvZ,0.744,0.514,6,-6.103,1,0.0746,0.355,0.0,0.184,0.449,136.013
Sam Smith,Too Good At Goodbyes,1mXVgsBdtIVeCLJnSnmtdV,0.715,0.372,5,-8.237,1,0.0443,0.638,0.0,0.169,0.474,91.931
Major Lazer,Lean On (feat. MØ & DJ Snake),4WjH9Bzt3kx7z8kl0awxh4,0.723,0.809,7,-3.081,0,0.0625,0.00346,0.00123,0.565,0.274,98.007
Eminem,Without Me,7lQ8MOhq6IN2w8EYcFNSUk,0.908,0.669,7,-2.827,1,0.0738,0.00286,0.0,0.237,0.662,112.238
Bruno Mars,When I Was Your Man,0B7wvvmu9EISAwZnOpjhNI,0.601,0.271,0,-8.688,1,0.0403,0.937,0.0,0.144,0.411,145.494
Lil Nas X,INDUSTRY BABY (feat. Jack Harlow),5Z9KJZvQzH6PFmb8SNkxuk,0.741,0.691,10,-7.395,0,0.0672,0.0221,0.0,0.0476,0.892,150.087
Bruno Mars,That's What I Like,0KKkJNfGyhkQ5aFogxQAPU,0.853,0.56,1,-4.961,1,0.0406,0.013,0.0,0.0944,0.86,134.066
Bruno Mars,Just the Way You Are,47Slg6LuqLaX0VodpSCvPt,0.635,0.841,5,-5.379,1,0.0422,0.0134,0.0,0.0622,0.424,109.021
Shawn Mendes,There's Nothing Holdin' Me Back,7JJmb5XwzOO8jgpou264Ml,0.866,0.811,11,-4.063,0,0.0553,0.375,0.0,0.078,0.969,121.995
Coldplay,Viva La Vida,1mea3bSkSGXuIRvnydlB5b,0.486,0.617,5,-7.115,0,0.0287,0.0954,3.23e-06,0.109,0.417,138.015
Maroon 5,Memories,4cktbXiXOapiLBMprHFErI,0.775,0.327,11,-7.241,1,0.0557,0.841,0.0,0.0821,0.595,91.05
Anassa,Lay All Your Love On Me,4jpEe4aD78QXNoKhcGHNjC,0.381,0.31,4,-6.54,0,0.031,0.247,0.0,0.229,0.159,110.063
Post Malone,Congratulations,7BzNT7knTluY0XGlpG5bxe,0.624,0.806,6,-4.271,1,0.0364,0.182,0.0,0.299,0.513,123.117
French Montana,Unforgettable,3B54sVLJ402zGa6Xm4YGNe,0.726,0.769,6,-5.043,1,0.123,0.0293,0.0101,0.104,0.733,97.985
Mark Ronson,Uptown Funk (feat. Bruno Mars),32OlwWuMpZ6b0aN2RZOeMS,0.856,0.609,0,-7.223,1,0.0824,0.00801,8.15e-05,0.0344,0.928,114.988
Nirvana,Smells Like Teen Spirit,4CeeEOM32jQcH3eN9Q2dGj,0.502,0.912,1,-4.556,1,0.0564,2.55e-05,0.000173,0.106,0.72,116.761
Jt5k,Motive (feat. NO1-NOAH),3ft7bvvaCO38yrs1seJhYY,0.804,0.431,0,-7.809,0,0.0643,0.137,1.46e-06,0.148,0.582,135.989
Post Malone,Better Now,7dt6x5M1jzdTEt8oCbisTK,0.674,0.578,10,-5.804,1,0.0408,0.331,0.0,0.135,0.34,145.07
Arctic Monkeys,I Wanna Be Yours,5XeFesFbtLpXzIVDNQP22n,0.464,0.417,0,-9.345,0,0.0256,0.136,0.022,0.0974,0.479,67.528
Tyler Parker,Night Out,6wBvJG5DXvyiu0XZUahMFa,0.767,0.578,1,-8.383,1,0.137,0.14,0.0,0.269,0.555,161.563
Oasis,Wonderwall,1qPbGZqppFwLwcBC1JQ6Vr,0.41,0.854,2,-5.609,1,0.0366,0.00236,0.0,0.133,0.456,174.584
The Police,Every Breath You Take,1JSTJqkT5qHq8MDJnJbRE1,0.82,0.452,1,-9.796,1,0.0348,0.543,0.00294,0.0714,0.74,117.401
Benson Boone,Beautiful Things,6tNQ70jh4OwmPGpYy6R2o9,0.472,0.471,10,-5.692,1,0.0603,0.151,0.0,0.14,0.219,105.029
Ariana Grande,we can't be friends (wait for your love),51ZQ1vr10ffzbwIjDCwqm4,0.645,0.646,5,-8.334,1,0.0427,0.0615,3.04e-05,0.074,0.295,115.842
Djo,End of Beginning,3qhlB30KknSejmIvZZLjOD,0.689,0.454,2,-7.643,1,0.0584,0.0351,0.00259,0.0707,0.912,159.982
Future,Like That,2tudvzsrR56uom6smgOcSf,0.814,0.676,11,-4.67,0,0.231,0.00709,1.28e-05,0.119,0.312,162.012
¥$,CARNIVAL,3w0w2T288dec0mgeZZqoNN,0.594,0.811,1,-5.746,1,0.159,0.189,0.0,0.339,0.311,148.144
Tate McRae,greedy,3rUGC1vUpkDG9CZFHMur1t,0.749,0.729,6,-3.19,0,0.0321,0.261,0.0,0.113,0.816,111.004
Teddy Swims,Lose Control,17phhZDn6oGtzMe56NuWvj,0.561,0.604,9,-4.409,1,0.0337,0.199,1.9e-05,0.104,0.242,159.92
Taylor Swift,Cruel Summer,1BxfuPKGuaTgP7aM0Bbdwr,0.552,0.702,9,-5.707,1,0.157,0.117,2.06e-05,0.105,0.564,169.994
FloyyMenor,Gata Only,6XjDF6nds4DE2BBbagZol6,0.791,0.499,8,-8.472,0,0.0509,0.446,2.41e-05,0.0899,0.669,99.986
Future,Type Shit,28drn6tQo95MRvO0jQEo5C,0.64,0.552,2,-5.679,1,0.129,0.0215,0.0,0.119,0.112,144.941
Beyoncé,TEXAS HOLD 'EM,7AYmToZ5y67fBjq4RLFbuq,0.727,0.711,2,-6.549,1,0.078,0.582,0.0,0.158,0.375,110.012
Hozier,Too Sweet,3HMY0r2BAdpasXMY8rseR0,0.741,0.62,10,-5.505,1,0.0412,0.0295,0.000809,0.0398,0.934,117.038
Future,Cinderella,0hKtu53OlIFXVuYkZwcn3o,0.876,0.412,5,-7.74,0,0.0748,0.431,0.0,0.101,0.15,130.052
Feid,LUNA,7bywjHOc0wSjGGbj04XbVi,0.774,0.86,7,-2.888,0,0.13,0.131,0.0,0.116,0.446,100.019
The Weeknd,"One Of The Girls (with JENNIE, Lily Rose Depp)",1VNWdmXSbaNrnWod10WIL0,0.264,0.64,8,-6.221,1,0.0442,0.0393,2.31e-06,0.151,0.19,84.828
Xavi,La Diabla,0R6NfOiLzLj4O5VbYSJAjf,0.751,0.819,11,-4.372,0,0.0409,0.255,0.0,0.236,0.697,131.842
Noah Kahan,Stick Season,0mflMxspEfB0VbI1kyLiAv,0.664,0.5,9,-6.935,1,0.0651,0.799,0.0,0.0966,0.801,117.896
Future,We Don't Trust You,1pnDvUuAEd6z8bKEsbAjk1,0.779,0.508,6,-7.169,0,0.271,0.478,0.000439,0.243,0.346,124.091
Olivia Rodrigo,obsessed,6tNgRQ0K2NYZ0Rb9l9DzL8,0.68,0.581,8,-5.166,1,0.106,0.0181,1.07e-06,0.276,0.63,119.974
Mitski,My Love Mine All Mine,3vkCueOmm7xQDoJ17W1Pm3,0.504,0.308,9,-14.958,1,0.0321,0.868,0.135,0.158,0.121,113.95
Natanael Cano,Madonna,5LhI8m7n8xlQmNe3b7Rwis,0.732,0.873,0,-5.965,1,0.0321,0.0449,0.000803,0.347,0.662,128.029
Future,Young Metro,3OxL6MuctgZp1e0zxoAZhH,0.716,0.664,6,-7.297,0,0.0571,0.11,0.0,0.11,0.209,112.054
21 Savage,redrum,52eIcoLUM25zbQupAZYoFh,0.625,0.733,2,-8.757,1,0.0488,0.00598,0.000983,0.375,0.244,172.09
Myke Towers,LA FALDA,7iUtQNMRB8ZkKC4AmEuCJC,0.8,0.738,7,-4.26,1,0.0691,0.372,0.00877,0.19,0.267,103.008
Ariana Grande,"yes, and?",5D34wRmbFS29AjtTOP2QJe,0.787,0.775,1,-6.614,1,0.0548,0.19,6.54e-05,0.113,0.787,118.998
Travis Scott,FE!N (feat. Playboi Carti),42VsgItocQwOQC3XWZ8JNA,0.569,0.882,3,-2.777,0,0.06,0.0316,0.0,0.142,0.201,148.038
Xavi,La Víctima,5XVdHRf4CAJ2Jm0uMIy5qY,0.778,0.835,11,-3.598,0,0.0767,0.152,0.0,0.109,0.666,140.082
Dua Lipa,Houdini,4OMJGnvZfDvsePyCwRGO7X,0.744,0.789,9,-4.876,0,0.059,0.0036,0.00144,0.0947,0.866,116.985
Jack Harlow,Lovin On Me,4xhsWYTOGcal8zt0J161CU,0.943,0.558,2,-4.911,1,0.0568,0.0026,2.19e-06,0.0937,0.606,104.983
Tyla,Water,5aIVCx5tnk0ntmdiinnYvw,0.673,0.722,3,-3.495,0,0.0755,0.0856,0.0,0.137,0.519,117.187
Jimin,Like Crazy,3Ua0m0YmEjrMi9XErKcNiR,0.629,0.733,7,-5.445,1,0.0419,0.0025,0.0,0.357,0.362,120.001
Bad Bunny,PERRO NEGRO,7iQXYTyuG13aoeHxGG28Nh,0.911,0.778,5,-2.248,1,0.262,0.0887,2.16e-05,0.179,0.345,96.057
Arctic Monkeys,I Wanna Be Yours,5XeFesFbtLpXzIVDNQP22n,0.464,0.417,0,-9.345,0,0.0256,0.136,0.022,0.0974,0.479,67.528
Natasha Bedingfield,Unwritten,3U5JVgI2x4rDyHGObzJfNf,0.706,0.8,5,-6.333,1,0.0399,0.00584,0.0,0.0822,0.629,100.011
SZA,Saturn,1bjeWoagtHmUKputLVyDxQ,0.411,0.619,1,-6.834,1,0.0368,0.62,0.0,0.11,0.337,177.937
Xavi,Corazón de Piedra,0dEAiKNbHt4mrjjoiL0loc,0.834,0.763,2,-5.475,1,0.0835,0.0354,2.33e-06,0.273,0.633,134.844
Future,Ice Attack,70ToiXlzl8N1EgfC07ZcZE,0.555,0.528,11,-6.368,0,0.356,0.0373,0.0,0.16,0.456,149.723
KAROL G,QLONA,5RqSsdzTNPX1uzkmlHCFvK,0.841,0.738,7,-7.455,0,0.307,0.52,0.0,0.0892,0.484,169.918
Ariana Grande,the boy is mine,0Lmbke3KNVFXtoH2mMSHCw,0.795,0.63,7,-5.854,0,0.0434,0.157,0.0,0.0732,0.447,97.998
V,FRI(END)S,0PBTlQ84CBJF0tBnKGmQa6,0.466,0.601,8,-4.468,1,0.053,0.0315,0.0,0.0927,0.627,53.376
YG Marley,Praise Jah In The Moonlight,3h5TiWTqGxjSjFrbruPFH9,0.66,0.727,6,-4.028,0,0.0441,0.128,1.31e-05,0.524,0.418,125.023
Michael Marcagi,Scared To Start,3Pbp7cUCx4d3OAkZSCoNvn,0.527,0.551,7,-11.258,1,0.0345,0.384,2.75e-06,0.403,0.443,148.035
Jung Kook,Seven (feat. Latto) (Explicit Ver.),2HRgqmZQC0MC7GeNuDIXHN,0.79,0.831,11,-4.185,1,0.044,0.312,0.0,0.0797,0.872,124.987
Dua Lipa,Training Season,6Qb7YsAqH4wWFUMbGsCpap,0.812,0.587,5,-4.483,0,0.0477,0.0349,2.64e-06,0.123,0.664,123.041
Olivia Rodrigo,vampire,1kuGVB7EU95pJObxwvfwKS,0.484,0.53,5,-5.821,1,0.0538,0.154,0.0,0.263,0.323,136.848
The Weeknd,Starboy,7MXVkk9YMctZqd1Srtv4MB,0.679,0.587,7,-7.015,1,0.276,0.141,6.35e-06,0.137,0.486,186.003
Zach Bryan,I Remember Everything (feat. Kacey Musgraves),4KULAymBBJcPRpk1yO4dOG,0.429,0.453,0,-7.746,1,0.0459,0.554,2e-06,0.102,0.155,77.639
Maluma,Según Quién,4bw8mcDUSRWfQo63ZTYRnU,0.909,0.762,9,-3.974,1,0.0643,0.434,0.0,0.0856,0.843,101.987
The Cars,Good Times Roll,7hVhRCDV100Jq26NGR7adw,0.607,0.662,4,-9.456,1,0.0278,0.0951,8.22e-05,0.125,0.629,107.646
Bill Withers,Lovely Day,0bRXwKfigvpKZUurwqAlEh,0.692,0.651,9,-8.267,1,0.0324,0.292,0.00241,0.105,0.706,97.923
Drake,God's Plan,6DCZcSspjsKoFjzjrWoCdn,0.754,0.449,7,-9.211,1,0.109,0.0332,8.29e-05,0.552,0.357,77.169
Kansas,Point of Know Return,0YoAVHXeEPPzZxK0xPQqYn,0.687,0.59,5,-5.204,1,0.0367,0.0889,0.000173,0.171,0.653,136.232
The Neighbourhood,Stargazing,0VF7YLIxSQKyNiFL3X6MmN,0.512,0.483,0,-7.798,1,0.0298,0.00304,0.0011,0.12,0.367,160.009
The Clash,Rock the Casbah - Remastered,56KqaFSGTb7ifpt16t5Y1N,0.797,0.872,9,-6.727,0,0.0575,0.291,0.0,0.284,0.866,129.885
Hop Along,What the Writer Meant,1CQYtzsSCxPONPsJZOvzok,0.644,0.778,6,-6.497,1,0.0299,0.212,5.88e-05,0.109,0.696,120.007
Briston Maroney,Under My Skin,6Jqk2PWC70GEBNmXwmTGHp,0.513,0.676,2,-5.337,1,0.0307,0.226,0.00102,0.217,0.221,78.496
Jack Stauber,Buttercup,2mlGPkAx4kwF8Df0GlScsC,0.705,0.373,7,-9.066,1,0.0384,0.723,0.81,0.289,0.551,120.046
King Gizzard & The Lizard Wizard,Ya Love,3gks6iUsfZztKJPkaAkf2L,0.611,0.945,0,-5.886,1,0.0897,0.0694,0.0276,0.423,0.951,160.009
Ginger Root,Loretta,3eZqBNHlNA4lUsbAB6UmvD,0.706,0.801,2,-5.646,1,0.0462,0.282,0.594,0.143,0.887,130.001
Thompson Twins,Hold Me Now,0BJU4rYOfj43xHw6gvTIwE,0.787,0.516,7,-12.792,1,0.0332,0.66,1.1e-05,0.293,0.882,108.19
Frank Ocean,Pyramids,4QhWbupniDd44EDtnh2bFJ,0.4,0.65,5,-6.104,0,0.0466,0.0118,7.62e-05,0.791,0.15,107.989
Kate Bush,Running Up That Hill (A Deal With God),1PtQJZVZIdWIYdARpZRDFO,0.629,0.545,10,-13.123,0,0.0546,0.719,0.00308,0.0604,0.194,108.376
Destroy Boys,I Threw Glass at My Friend's Eyes and Now I'm on Probation,5ot500QigZaa1tH5tQoR1C,0.462,0.943,1,-5.276,0,0.0739,0.192,0.000256,0.192,0.339,101.834
Mild High Club,Dionysian State,6F8cfrZbKX2CvTxfxq2T4B,0.781,0.476,7,-9.201,1,0.0315,0.0251,0.0588,0.121,0.358,111.366
Franz Ferdinand,Take Me Out,20I8RduZC2PWMWTDCZuuAN,0.277,0.663,4,-8.821,0,0.0377,0.000409,0.00051,0.136,0.527,104.561
Kevin Abstract,Empty,6gSw5vz7dcafda23VqMrnl,0.59,0.498,9,-6.845,1,0.0827,0.162,0.0,0.0947,0.504,80.022
The Frights,Crust Bucket,6YWtvUPKgCYSiPDBuAjj0Q,0.204,0.858,4,-4.655,1,0.076,0.0663,0.0032,0.371,0.268,166.02
Stealers Wheel,Stuck In The Middle With You,3Vby4nGmtbDo7HDJamOWkT,0.82,0.575,7,-9.144,1,0.0408,0.0936,0.000135,0.109,0.964,123.765
The Shins,Fighting in a Sack - 2023 Remaster,71ePZUnzPYtx6OgiqFcKQZ,0.536,0.892,2,-4.119,1,0.0481,0.00258,0.0,0.0761,0.54,115.253
fun.,We Are Young (feat. Janelle Monáe),7a86XRg84qjasly9f6bPSD,0.378,0.638,10,-5.576,1,0.075,0.02,7.66e-05,0.0849,0.735,184.086
Lil Uzi Vert,Money Longer,0B8QzDH7YWih85V5SEMnyJ,0.795,0.568,5,-7.817,0,0.142,0.0541,0.0,0.108,0.478,136.173
Miniature Tigers,Cannibal Queen,04pCXbMGVkyudC7XvXQjM4,0.688,0.729,1,-6.168,1,0.0278,0.0297,1.37e-06,0.101,0.796,113.986
The Doors,Touch Me,4BVE5tIIpYabZcYCbephNW,0.425,0.903,1,-4.801,1,0.0732,0.405,0.0128,0.117,0.769,108.748
Jean Dawson,Clear Bones,1BLoghXkY06sQvHdJ1vOWO,0.56,0.867,7,-3.978,1,0.049,0.00275,9.26e-06,0.0901,0.567,93.503
King Gizzard & The Lizard Wizard,Catching Smoke,4soZjBWp9Xxri3tkdnyEP5,0.584,0.82,11,-6.561,1,0.0342,0.0317,0.196,0.306,0.339,93.949
Molchat Doma,Люди Надоели,7wrUu51QXPJehBNRQAC20D,0.41,0.529,11,-9.662,0,0.039,0.406,0.885,0.11,0.828,160.06
The Go-Go's,Our Lips Are Sealed - Single Version,1GVnAD8Iz45rux6EC657Yv,0.608,0.864,8,-7.101,1,0.0522,0.0444,3.49e-06,0.0341,0.947,131.199
Billie Eilish,ocean eyes,7hDVYcQq6MxkdJGweuCtl9,0.511,0.363,4,-7.65,0,0.041,0.816,0.0317,0.084,0.169,144.892
BOYO,Crown,0RhNAQ5k3hQEI5Tx0GLiXJ,0.553,0.691,9,-6.357,1,0.0248,0.00072,0.669,0.163,0.593,80.0
The 1975,Somebody Else,5hc71nKsUgtwQ3z52KEKQk,0.61,0.788,0,-5.724,1,0.0585,0.195,0.0142,0.153,0.472,101.045
Husbands,She's a Betty,3XdSB6mmmXxNTJoqbP9lqJ,0.597,0.69,11,-8.754,1,0.0276,0.00937,0.0167,0.113,0.502,105.968
Syd Barrett,If It's In You,7Hx8aFS0iHvHSo0oUS7gAZ,0.565,0.25,7,-10.61,1,0.0402,0.663,0.0,0.0856,0.462,92.223
Trash Panda,Atlanta Girls,2JiOQUqMlUkwcbvv3rtSC9,0.66,0.582,7,-7.769,1,0.0602,0.499,0.000603,0.257,0.402,117.902
Frank Ocean,Godspeed,34xTFwjPQ1dC6uJmleno7x,0.399,0.0969,6,-12.578,1,0.0509,0.929,0.000168,0.121,0.0758,109.54
Alice Phoebe Lou,Glow,7wR04K3JSaRJPO3D0f5fnx,0.58,0.573,6,-5.345,1,0.0314,0.0427,0.0,0.0811,0.502,86.699
Childish Gambino,Redbone,0WtDGnWL2KrMCk0mI1Gpwz,0.745,0.353,1,-10.614,1,0.0983,0.174,0.00662,0.118,0.598,160.111
New Order,Blue Monday,6hHc7Pks7wtBIW8Z6A0iFq,0.762,0.651,0,-13.34,1,0.0655,0.00198,0.856,0.111,0.941,130.395
Post Animal,Schedule,18Lpjt23W6XxWL4tSj9j47,0.606,0.579,2,-6.522,1,0.0287,0.0922,0.000356,0.121,0.402,95.976
Harry Styles,Fine Line,6VzcQuzTNTMFnJ6rBSaLH9,0.306,0.347,2,-8.5,1,0.0334,0.172,0.00013,0.0485,0.0511,120.996
Dick Haymes,I'll Get By (As Long As I Have You) (with Dick Haymes),1cRzLNNLl2ZISn6veqYkPy,0.607,0.155,10,-14.699,1,0.035,0.969,0.00126,0.097,0.534,122.196
Depeche Mode,Never Let Me Down Again - 2006 Remaster,2H1BmB1b6Px9KJXIUpD03u,0.581,0.886,0,-6.505,1,0.0324,0.279,0.0297,0.691,0.586,106.067
Chet Baker,I Fall In Love Too Easily,0F845nujLVqCb0XMZCh5Pc,0.532,0.0657,0,-19.136,0,0.0406,0.94,0.00488,0.0946,0.292,128.607
The Cranberries,Put Me Down,2rzOCsV0vF3V8yAIMeaFak,0.209,0.294,0,-12.681,1,0.0308,0.193,0.00375,0.0958,0.182,75.96
John Mayer,Edge of Desire,5gbxzSqABThINGDb7vIiwe,0.606,0.441,9,-9.303,1,0.0272,0.326,0.0128,0.116,0.455,66.443
George Harrison,All Those Years Ago - Remastered 2004,32fKHW6Eac4yBXn9WY7Aic,0.555,0.639,2,-6.832,1,0.033,0.137,1.99e-05,0.0733,0.518,125.77
Electric Light Orchestra,The Diary of Horace Wimp,3hfqwHXcRLq6BSneRpEdtm,0.64,0.494,10,-9.073,1,0.058,0.794,0.0,0.735,0.619,171.219
Alex Clare,Too Close,4sK96UnGx3NjBaqvfTG2dm,0.584,0.712,11,-4.311,0,0.0395,0.0112,1.05e-06,0.114,0.286,126.043
Eric B. & Rakim,Know The Ledge,4nBZIQ14fOYMxJvgbvHQpJ,0.794,0.88,8,-9.77,1,0.162,0.0289,2.52e-05,0.0683,0.847,115.666
Peter Frampton,Show Me The Way - Live,5uS8HGp7VfuU5fDarEbNi7,0.556,0.944,2,-4.267,1,0.0445,0.0325,0.0,0.943,0.452,132.436
Simon & Garfunkel,"Mrs. Robinson - From ""The Graduate"" Soundtrack",0iOZM63lendWRTTeKhZBSC,0.606,0.457,6,-14.035,0,0.0497,0.713,2.53e-05,0.0747,0.813,92.033
Black Eyes,Deformative,1xTJ4sE2wEv6eq4L9BoKQ0,0.517,0.875,9,-7.58,0,0.142,0.0273,7.56e-06,0.39,0.479,79.016
The Righteous Brothers,Unchained Melody,2qhASBzpbFhPRtrnZ5lLnz,0.339,0.208,0,-16.725,1,0.0308,0.396,0.000519,0.18,0.288,98.54
Bonny Light Horseman,Deep In Love,4fyqGylwyCpUTbgzYJ6RXN,0.618,0.558,5,-8.184,1,0.0251,0.604,0.395,0.124,0.336,111.709
The Walker Brothers,The Sun Ain't Gonna Shine Anymore,42TtgFndtWMIr0UqJl01HA,0.381,0.683,2,-6.795,1,0.0354,0.224,1.52e-05,0.244,0.434,111.036
Cage The Elephant,Cigarette Daydreams,2tznHmp70DxMyr2XhWLOW0,0.636,0.676,2,-3.442,1,0.0263,0.0807,0.0,0.0831,0.273,113.98
Hot Flash Heat Wave,Raindrop,6XqJtTLH92Pjti2BDcKAVV,0.352,0.594,9,-4.937,1,0.0305,0.00136,0.0301,0.138,0.441,149.961
Clairo,Sofia,7B3z0ySL9Rr0XvZEAjWZzM,0.744,0.619,0,-9.805,1,0.039,0.598,0.00372,0.231,0.641,112.997
Kendrick Lamar,PRIDE.,6IZvVAP7VPPnsGX6bvgkqg,0.665,0.535,4,-7.056,0,0.0572,0.0786,1.68e-05,0.154,0.37,138.842
Camille Saint-Saëns,The Swan,1p2KclGv8c1qKPoRq4exKd,0.216,0.149,7,-18.173,1,0.0402,0.986,0.94,0.0921,0.117,123.201
Weezer,Say It Ain't So,6VoIBz0VhCyz7OdEoRYDiA,0.634,0.551,3,-7.136,1,0.0352,0.00737,1.82e-05,0.07,0.453,151.779
C418,Sweden,4NsPgRYUdHu2Q5JRNgXYU5,0.642,0.01,2,-25.164,1,0.0446,0.992,0.945,0.103,0.197,87.971
Lana Del Rey,Let The Light In (feat. Father John Misty),4qG7hWhljsqqENL5PaLA2z,0.335,0.44,9,-9.748,1,0.0275,0.385,0.00251,0.115,0.198,132.449
The Postal Service,Such Great Heights,75z2YLg5Lkqf6qL9XOY8tV,0.653,0.818,5,-8.125,1,0.0471,0.00907,0.225,0.0703,0.198,174.984
Pickin' On Series,Those to Come,234ILu6MwdzPvWRlXYbjif,0.579,0.652,9,-9.16,1,0.0274,0.143,0.0867,0.194,0.712,140.178
Lana Del Rey,Grandfather please stand on the shoulders of my father while he's deep-sea fishing (feat. RIOPY),55LnC7VuUvayQ3fW0CvDL6,0.372,0.218,8,-10.367,1,0.0302,0.935,0.0338,0.296,0.0803,79.81
John Mayer,Moving On and Getting Over,1crSsvtU9wZB15dIQXV2QH,0.85,0.461,6,-9.018,0,0.0531,0.591,0.0405,0.0922,0.621,94.037
Field Medic,POWERFUL LOVE,1P5FmMU0BUjBujbBAr4yM7,0.579,0.674,11,-2.282,0,0.0472,0.00572,0.143,0.148,0.796,133.039
Cage The Elephant,Flow,0MUzalPwRItswsuNThydQg,0.745,0.619,4,-10.939,0,0.0331,0.207,0.0126,0.133,0.0906,107.025
Joji,Run,0AFpOvLJG0x90I2aZlb6db,0.447,0.72,7,-3.954,1,0.0332,0.0416,0.000297,0.614,0.362,157.892
The Who,Won't Get Fooled Again - Original Album Version,0cJPLFrlV7TTCyPLupHzcH,0.686,0.92,2,-6.231,1,0.0566,0.301,0.27,0.0807,0.225,135.027
Boston,Peace of Mind,1GqlvSEtMx5xbGptxOTTyk,0.419,0.677,4,-6.183,1,0.0343,0.00101,9.99e-05,0.211,0.684,127.678
Ben E. King,This Magic Moment,1DFOW1eRirj07UtisTIo1t,0.344,0.398,9,-7.659,0,0.0377,0.519,0.0,0.139,0.579,139.881
David Bowie,Starman - 2012 Remaster,0pQskrTITgmCMyr85tb9qq,0.486,0.449,5,-10.298,1,0.0267,0.166,2.23e-06,0.54,0.549,100.456
Beastie Boys,Sabotage,0Puj4YlTm6xNzDDADXHMI9,0.324,0.938,6,-7.332,0,0.102,0.032,0.0321,0.0961,0.543,168.131
Harry Belafonte,Banana Boat (Day-O),4fHDlIntTsRGSyTg5UYZYC,0.797,0.105,1,-16.881,1,0.0969,0.885,0.000116,0.108,0.419,122.545
Gene Krupa & His Orchestra,Rhumboogie,35yYO6Gw7YOQiNPHV0vZCU,0.523,0.333,5,-9.397,1,0.124,0.919,0.0203,0.0773,0.722,171.222
The Cardigans,Lovefool,7aQjPecQdIuNd1sz3KCDhD,0.704,0.636,9,-6.029,1,0.0252,0.0344,0.0,0.35,0.89,111.845
The Kinks,You Really Got Me,6tZdL3Zp8JgrfDbsSeSV1S,0.567,0.959,8,-3.822,1,0.102,0.0995,6.07e-05,0.1,0.961,137.377
The Zombies,She's Coming Home,2ZVb4m91QCXD2GFbxC2OwV,0.315,0.431,4,-9.553,1,0.0308,0.517,1.46e-06,0.0831,0.385,126.227
Michael Jackson,Thriller,3S2R0EVwBSAVMd5UMgKTL0,0.773,0.859,11,-4.913,1,0.0747,0.0855,0.000187,0.914,0.813,118.459
Moxie,Blue Skies,0PcK6RbnO4NbpN7IrzWzMY,0.795,0.706,0,-6.239,1,0.056,0.295,2.54e-05,0.34,0.766,94.962
The Mamas & The Papas,Straight Shooter,5m63cyB8bzbRSEs53K8CxF,0.612,0.644,9,-10.018,1,0.0288,0.754,0.0,0.134,0.819,119.809
"Peter, Paul and Mary","Don't Think Twice, It's All Right",7IsXXgpowAB48crGjV1oGb,0.437,0.104,3,-22.533,1,0.0307,0.893,0.00124,0.11,0.544,101.718
Green Day,Brain Stew,1nLnpLXvl68RZCSjfkyiaa,0.559,0.543,1,-5.429,1,0.302,0.00133,2e-05,0.0577,0.337,75.958
Dua Lipa,Levitating (feat. DaBaby),5nujrmhLynf4yMoMtj8AQF,0.702,0.825,6,-3.787,0,0.0601,0.00883,0.0,0.0674,0.915,102.977
The Police,Roxanne,3EYOJ48Et32uATr9ZmLnAo,0.618,0.748,0,-8.905,1,0.358,0.0384,4.1e-06,0.0473,0.663,134.114
Britney Spears,Toxic,6I9VzXrHxO9rA9A5euc8Ak,0.774,0.838,5,-3.914,0,0.114,0.0249,0.025,0.242,0.924,143.04
Tears For Fears,"Head Over Heels - Dave Bascombe 7"" N.Mix",5lwQGZYF4BXOzFtXc5zk8q,0.623,0.739,7,-8.116,1,0.0244,0.338,1.88e-05,0.109,0.642,95.007
Rex Orange County,Pluto Projector,4EWBhKf1fOFnyMtUzACXEc,0.379,0.219,5,-11.196,1,0.0307,0.707,0.000691,0.118,0.188,79.786
The Strokes,"Call It Fate, Call It Karma",3Y4rUyw7XBCK6hGHCOt6rp,0.544,0.241,4,-14.779,0,0.03,0.983,0.774,0.101,0.359,109.437
Portugal. The Man,Feel It Still,6QgjcU0zLnzq5OrUoSZ3OK,0.801,0.795,1,-5.115,0,0.0504,0.0417,0.000113,0.0717,0.754,79.028
The Black Crowes,Twice As Hard,4nJlfdLIucLBkXEJPsSCSp,0.376,0.851,0,-3.535,1,0.0459,0.11,0.000124,0.277,0.487,173.119
Ted Nugent,Stranglehold,2f0P7iELCvAlV8j6Z3rGDE,0.484,0.711,2,-7.784,1,0.0331,0.0183,0.173,0.0941,0.49,148.189
fun.,Some Nights,6t6oULCRS6hnI7rm0h5gwl,0.672,0.738,0,-7.045,1,0.0506,0.0178,6.75e-05,0.0927,0.392,107.938
Wings,Silly Love Songs - 2014 Remaster,3uiMBldZ07pW0ySHDX5gzE,0.742,0.471,0,-10.767,1,0.0326,0.134,0.0903,0.284,0.815,124.95
Paramore,Still into You,3SXXFIZel1VQQ4ENiqozxi,0.602,0.923,5,-3.763,1,0.044,0.0098,0.0,0.0561,0.765,136.01
Peter Frampton,"Baby, I Love Your Way - Live",1ksayCHVLH4eKFm43GFokU,0.518,0.786,7,-5.739,1,0.0357,0.448,2.5e-05,0.7,0.463,72.269
The Monkees,Last Train to Clarksville - Original Stereo Version; 2006 Remaster,3h4t9qpFktohHeUQc3hZCa,0.239,0.618,0,-8.464,1,0.033,0.0305,0.0,0.721,0.683,197.499
Royel Otis,Oysters In My Pocket,2B664ulJSVBd6B8SAY3Wux,0.598,0.924,6,-4.974,0,0.0623,0.0205,0.799,0.17,0.611,168.017
The Backseat Lovers,Growing/Dying,5zMxLq47V3Gr0LlFvxiFXS,0.271,0.396,11,-7.774,1,0.0309,0.0156,0.0511,0.0844,0.254,178.834
Nelly Furtado,Say It Right,2aI21FnmY7TJVKeMaoQZ0t,0.871,0.871,1,-6.328,1,0.139,0.0469,0.00114,0.0543,0.811,116.946
Post Animal,Goggles,4ynX5irsZTPYHjWUOwrREQ,0.23,0.62,9,-7.039,1,0.0454,0.0789,0.00193,0.486,0.143,129.856
Erik Satie,Gymnopédie No. 1,5NGtFXVpXSvwunEIGeviY3,0.468,0.0127,7,-36.856,1,0.123,0.994,0.937,0.094,0.356,72.776
Childish Gambino,IV. Sweatpants,00GOPLxW4PGQuUYdPJh8K1,0.71,0.47,1,-9.33,0,0.142,0.154,0.0,0.643,0.581,80.027
Steely Dan,Dirty Work,3IvTwPCCjfZczCN2k4qPiH,0.582,0.214,1,-17.83,1,0.0315,0.767,2.07e-06,0.122,0.515,72.794
ABBA,Lay All Your Love On Me,4euAGZTszWPrriggYK0HG9,0.678,0.727,2,-7.844,0,0.0258,0.117,0.00396,0.354,0.71,133.481
Still Woozy,Goodie Bag,4vHNeBWDQpVCmGbaccrRzi,0.739,0.522,7,-12.304,0,0.151,0.821,0.00124,0.233,0.619,138.263
Goth Babe,Weekend Friend,2d3QlXE6FXFDeodiS66yjM,0.409,0.594,1,-9.725,1,0.031,0.032,0.0391,0.0904,0.212,110.187
Arlo Parks,Black Dog,1NGPZKzplieiPc5g6lAJ49,0.666,0.555,1,-8.029,0,0.0362,0.697,0.0064,0.109,0.388,86.399
George & the Handsomes,Sleepy Beats,5peFwOPj0qKkCcaqF4YAPK,0.612,0.266,5,-15.807,1,0.0437,0.85,0.000132,0.0884,0.172,149.972
boygenius,$20,38xXr3MkiKNzNDv4JDJagF,0.551,0.627,7,-6.9,1,0.0325,0.0065,0.0637,0.139,0.402,117.992
The Mills Brothers,You Always Hurt The One You Love,42og107RMzQPsQUIJBSUbD,0.59,0.0597,10,-18.993,1,0.0434,0.908,0.0,0.116,0.4,133.504
Pinegrove,Need 2,3kQfBtkQqgN1fAMfhks8TU,0.552,0.634,1,-8.302,0,0.0261,0.00994,0.202,0.0798,0.213,76.557
The Backseat Lovers,Sinking Ship,4ydzIb3mPmiSm30PIMIrq8,0.39,0.407,11,-11.562,1,0.0441,0.0261,1.7e-05,0.108,0.1,100.022
The Cathedral Singers,"Ave Maria, Op. 52 No. 6, D. 839 (Arr. for Soprano, Harp & Chorus)",4IyK8htJJzbRjPihpMouWu,0.233,0.122,10,-19.528,1,0.0333,0.988,0.00354,0.0916,0.0991,90.593
Zac Brown Band,Knee Deep (feat. Jimmy Buffett),60IGhnH20N82dNxKnc8jDd,0.715,0.584,8,-8.231,1,0.0296,0.432,1.41e-06,0.095,0.609,90.99
Justin Timberlake,Mirrors,4rHZZAmHpZrA3iH5zx8frV,0.574,0.512,5,-6.664,0,0.0503,0.234,0.0,0.0946,0.512,76.899
Simon & Garfunkel,Cecilia,6QhXQOpyYvbpdbyjgAqKdY,0.755,0.876,0,-8.867,1,0.0362,0.357,5.17e-06,0.22,0.954,102.762
The Cranberries,Zombie,7EZC6E7UjZe63f1jRmkWxt,0.309,0.649,7,-8.994,1,0.035,0.0158,0.00591,0.367,0.312,166.915
Daniel Caesar,Japanese Denim,1boXOL0ua7N2iCOUVI1p9F,0.707,0.238,3,-8.818,1,0.0379,0.0905,2.42e-06,0.0842,0.345,124.156
Billie Holiday,Easy Living,0XsbCr34semDxq0ZX84BCh,0.632,0.134,8,-17.029,1,0.0532,0.985,0.00126,0.285,0.618,89.088
ISLAND,By Your Side,0gEl3OkfuBT0GpNbRitxgo,0.495,0.818,0,-3.776,1,0.0259,0.169,7.43e-05,0.348,0.377,102.001
Phil Collins,Tomorrow Never Knows - 2015 Remastered,6JtdbEuEME2tGQgWnttTyS,0.227,0.553,1,-9.796,1,0.0546,0.00652,0.0791,0.0724,0.138,132.06
Bob Dylan,The Times They Are A-Changin',52vA3CYKZqZVdQnzRrdZt6,0.389,0.396,7,-7.999,1,0.0332,0.887,0.0,0.0828,0.585,171.86
The Four Freshmen,Day By Day,1jFFHdm6sHSDU7vq9IE9Ib,0.463,0.559,5,-9.326,1,0.0445,0.816,1.31e-06,0.241,0.811,83.363
Fleetwood Mac,The Chain - 2004 Remaster,7Dm3dV3WPNdTgxoNY7YFnc,0.522,0.755,9,-6.95,1,0.0524,0.0517,6.63e-05,0.0781,0.637,151.796
Billy Joel,Big Shot,22wxe2Yc9JzihICXYLGAQ7,0.52,0.737,0,-11.715,1,0.0972,0.156,7.55e-06,0.0866,0.728,149.861
Billie Eilish,Happier Than Ever,4RVwu0g32PAqgUiJoXsdF8,0.332,0.225,0,-8.697,1,0.0348,0.767,0.00349,0.128,0.297,81.055
Yot Club,down bad,0vjpfpch27QUf1cUs4seDl,0.476,0.848,2,-8.116,1,0.0371,0.000244,0.615,0.0903,0.369,186.642
Rihanna,Stay,1dEy9Pl81QopSxNsPxXQxv,0.621,0.31,9,-10.164,0,0.0283,0.945,6.12e-05,0.117,0.125,111.881
Fleetwood Mac,Landslide,5ihS6UUlyQAfmp48eSkxuQ,0.414,0.161,7,-22.32,0,0.0318,0.883,0.000223,0.117,0.423,159.375
Pyotr Ilyich Tchaikovsky,"Tchaikovsky: Swan Lake, Op. 20, Act 2: No. 10, Scene. Moderato",2xizRhme7pYeITbH1NLLGt,0.136,0.164,4,-18.756,0,0.0364,0.911,0.916,0.109,0.071,58.303
The White Stripes,Fell In Love With a Girl,21Qsj3cMVCx2xF2EVVNbEu,0.356,0.982,4,-1.574,0,0.112,0.713,0.00145,0.941,0.299,95.754
Alvvays,Easy On Your Own?,42oq4KDYcBwAHpEkV3PuWc,0.356,0.856,9,-5.065,1,0.076,0.059,0.000773,0.327,0.26,117.097
Jason Isbell and the 400 Unit,If We Were Vampires,250RLekaiL1q9qZer975Eg,0.629,0.208,5,-16.225,1,0.0324,0.824,3.7e-06,0.107,0.685,96.609
Blackway,What's Up Danger (with Black Caviar),5zsHmE2gO3RefVsPyw2e3T,0.701,0.755,2,-5.82,1,0.0417,0.00363,0.000814,0.121,0.116,95.041
Albert Hammond,It Never Rains in Southern California,6tunhVGD8C05MZNjSVIsjw,0.626,0.565,9,-10.027,1,0.0271,0.124,0.0,0.0811,0.924,116.61
Matt Maltese,Jupiter,3kg7A13eqXpZnnyXEVcGsj,0.493,0.545,7,-7.824,1,0.0282,0.385,0.0277,0.616,0.457,179.914
John Denver,Mother Nature's Son,0AlEg50Xgw4Ta4QnEXOfDd,0.435,0.597,4,-9.911,1,0.0267,0.582,0.0138,0.053,0.616,98.015
Childish Gambino,Sober,6YuFv5d7iGeNnFMu6xphZl,0.701,0.591,0,-6.646,1,0.0301,0.0979,2.53e-05,0.551,0.423,98.056
Claire Rosinkranz,Pools and Palm Trees,5D5sk1frNM4Ypsgvxa8SaB,0.793,0.556,1,-5.225,0,0.0509,0.262,0.0,0.123,0.639,109.986
The Cars,Just What I Needed,4alHo6RGd0D3OUbTPExTHN,0.62,0.579,4,-9.307,1,0.0473,0.0152,6.4e-05,0.0858,0.691,127.215
The Doors,Light My Fire,5uvosCdMlFdTXhoazkTI5R,0.413,0.725,3,-5.787,0,0.0324,0.369,2.16e-05,0.0905,0.44,124.618
Blondie,Rapture - Remastered 2001,0D6qZlc6vNR7PDW2RKGPsV,0.7,0.845,2,-5.69,1,0.0331,0.403,0.000586,0.34,0.81,107.523
King Gizzard & The Lizard Wizard,Hell's Itch,1twyQJ6Zw0mORg0haUwg4o,0.501,0.883,7,-6.077,1,0.0394,0.0077,0.00329,0.146,0.743,94.96
The Japanese House,Saw You In A Dream,0U3u0HdRQjD8mAMYBak4Ok,0.607,0.451,4,-8.206,1,0.0286,0.0604,0.0,0.19,0.676,94.054
Franz Schubert,"String Quartet No. 13 in A Minor, Op. 29 No. 1, D. 804: I. Allegro ma non troppo",3Kl3KMDm4W0lbm4XJYy6Zy,0.215,0.0191,5,-25.121,1,0.0444,0.888,0.263,0.0941,0.0473,113.259
The Drifters,White Christmas,72Z28IsvEVLjSWdUKEQgZ0,0.578,0.182,8,-10.424,1,0.0445,0.825,5e-06,0.144,0.477,127.374
The 1975,Robbers,06cCziAHtDg6pcsidZHu03,0.621,0.702,4,-6.845,1,0.0295,0.000327,1.49e-05,0.322,0.374,99.808
George Harrison,Between The Devil And The Deep Blue Sea,2aC4dekmnklfC6edwh3Wda,0.819,0.514,5,-7.238,1,0.0441,0.831,0.0,0.0784,0.74,121.466
The Frights,Tongues,4eoRsk6nuYMLcNdZWgDTmT,0.258,0.912,11,-5.495,1,0.0731,0.0165,8.56e-05,0.219,0.479,97.236
Paramore,Ain't It Fun,3yrvQHw6pQemsrCQEpMnKv,0.61,0.893,9,-3.681,1,0.0921,0.154,4.41e-05,0.021,0.673,104.031
Billy Joel,Pressure,3LqvmDtXWXjF7fg8mh8iZh,0.548,0.68,9,-8.675,0,0.0474,0.0148,0.000949,0.0877,0.851,148.494
Frank Sinatra,My Way - 2008 Remastered,2YkIDPL5lGhRhomCq4S2RO,0.278,0.43,2,-8.692,1,0.0313,0.354,0.0,0.145,0.24,151.007
Art Lown,Going Back to Carolina,1kOxiDVj86ASAzpNTQa4LB,0.473,0.631,2,-8.98,1,0.0352,0.844,0.00941,0.0965,0.918,161.962
Bruno Mars,Just the Way You Are,7BqBn9nzAq8spo5e7cZ0dJ,0.635,0.841,5,-5.379,1,0.0422,0.0134,0.0,0.0622,0.424,109.021
Under The Rug,Lonesome & Mad,0eeUxgcLK8vVsk6z3eQ6u2,0.281,0.479,4,-7.057,1,0.032,0.0965,0.000167,0.125,0.249,111.868
The Mamas & The Papas,Dedicated To The One I Love,1mFrjW8e8fuAOowlU3Q3Dr,0.396,0.452,7,-8.809,1,0.0326,0.814,0.0,0.192,0.307,103.264
Foster The People,Sit Next to Me,4BdGO1CaObRD4La9l5Zanz,0.638,0.738,6,-4.976,0,0.0292,0.117,0.000384,0.689,0.657,97.021
Weezer,Undone - The Sweater Song,5WhtlIoxoZrMmuaWWEQhwV,0.457,0.618,6,-6.682,1,0.0296,0.00114,0.00257,0.0679,0.579,80.184
Michael Jackson,Wanna Be Startin' Somethin',1hu2s7qkm5bo03eODpRQO3,0.842,0.872,9,-8.234,1,0.0455,0.0259,0.419,0.0573,0.906,122.111
Tia Blake,Plastic Jesus,5WNfllr5vx9PWc3e5B4eYi,0.58,0.167,10,-19.479,1,0.0304,0.962,0.0723,0.12,0.747,96.242
Los Bravos,Bring a Little Lovin',24hTWZvRrl74dwKPzqVNYf,0.601,0.913,1,-4.671,0,0.134,0.00659,0.0132,0.0713,0.91,115.351
Lady Gaga,Bad Romance,0SiywuOBRcynK0uKGWdCnn,0.695,0.921,0,-3.752,1,0.0363,0.00314,5.26e-05,0.0842,0.714,119.007
Minnie Riperton,Les Fleurs,4XCGfHpGVq8xw800o5cwWs,0.441,0.499,6,-9.453,1,0.0484,0.665,2.87e-06,0.211,0.513,151.878
Billy Idol,Dancing with Myself - 2001 Remaster,3rQfYDjgpRy5LFlClpPQW9,0.392,0.886,4,-6.981,1,0.061,5.83e-05,0.274,0.219,0.755,176.625
Cody Fry,I Hear a Symphony,4ZHGRFGwjnEIXHG2FhcDPv,0.197,0.247,3,-8.542,1,0.0306,0.934,0.0163,0.111,0.407,75.787
Gringo Sapiens,Driver's Licence - 16LM mp3,2ySiYiJ7P0R77yzP9tgloo,0.482,0.743,5,-6.032,1,0.0568,0.0235,0.0834,0.334,0.338,78.052
Vacations,Relax,5TuTHrKzN6NweeQaKkBNb7,0.471,0.881,11,-4.483,0,0.0467,0.0588,0.000378,0.26,0.544,169.898
Glitter Party,time waits,6KVFcap7bKzswabvTXqzh4,0.509,0.755,4,-8.775,1,0.0584,0.00128,0.571,0.107,0.5,90.002
Steve Lacy,Bad Habit,4k6Uh1HXdhtusDW5y8Gbvy,0.686,0.494,1,-7.093,1,0.0355,0.613,5.8e-05,0.402,0.7,168.946
The Crystals,Then He Kissed Me,7jeOETwLUP84mPQzxlD5nh,0.431,0.678,4,-7.945,1,0.0365,0.7,6.37e-06,0.199,0.633,135.919
The Pied Pipers,Mairzy Doats,2fxEW5QM6aG4RV8gsuHoWE,0.682,0.258,5,-11.658,0,0.0493,0.847,0.0,0.355,0.772,135.555
Mitski,Bug Like an Angel,45KMdPDdZTxcXW3lw10R70,0.474,0.0617,8,-16.859,1,0.0344,0.902,0.008,0.094,0.0709,114.97
James Ray,I've Got My Mind Set On You Pts. 1 & 2,0kGvK7TNybTN8iAgvNWVfZ,0.615,0.561,5,-11.014,1,0.0541,0.609,2.11e-06,0.116,0.79,84.36
Clairo,Bubble Gum,3zksbXteOCeSusJ5Xltr3t,0.509,0.0167,9,-24.639,1,0.115,0.979,2.72e-05,0.387,0.229,207.97
Masayoshi Takanaka,SEXY DANCE,4ZxtydSHCl0eZ9a9CWtOIF,0.632,0.709,2,-12.069,1,0.0404,0.176,0.728,0.19,0.805,115.443
Nat King Cole,(I Love You) For Sentimental Reasons,5QnCtH7euld6R68UwcWrte,0.325,0.0418,1,-24.757,1,0.0363,0.977,0.0141,0.117,0.242,65.888
Sleigh Bells,Crown On the Ground,0euDcsQmWbjM0AtsckB8HU,0.431,0.812,11,-3.051,1,0.0879,0.000866,0.00411,0.0917,0.53,84.808
Olivia Rodrigo,favorite crime,5JCoSi02qi3jJeHdZXMmR8,0.369,0.272,9,-10.497,1,0.0364,0.866,0.0,0.147,0.218,172.929
No Doubt,Just A Girl,5lWRaa0fBxDE5yU91npPq7,0.638,0.906,2,-4.824,1,0.0504,0.0662,6.88e-05,0.142,0.767,107.991
Foreigner,"Long, Long Way from Home",21D0muOMLK4P0jrsAYKLij,0.621,0.88,7,-7.213,1,0.043,0.302,0.0,0.17,0.522,128.215
Heart,Crazy On You,5zH710lFSLtkHbMkslLDjR,0.435,0.459,9,-12.442,0,0.0329,0.117,0.000103,0.132,0.383,129.929
The Hunts,Darlin',5YzvaFdxrTlfL41UZJFeEQ,0.37,0.562,7,-6.814,1,0.0259,0.329,0.036,0.203,0.251,78.959
David Bowie,Heroes - 2017 Remaster,7Jh1bpe76CNTCgdgAdBw4Z,0.489,0.758,7,-6.491,1,0.0297,0.000678,0.49,0.092,0.435,112.113
Alice Phoebe Lou,Hammer,7KWBpMO8yZxhEbdGGB4lkZ,0.678,0.396,4,-6.683,1,0.0384,0.768,9.71e-06,0.133,0.33,115.823
Thee Oh Sees,Toe Cutter - Thumb Buster,4lZjHEJXzKCCTVPtgYcypv,0.398,0.828,8,-8.511,1,0.057,0.0002,0.742,0.0984,0.463,109.308
Roar,I Can't Handle Change,0I1eFRytp4XRhLCjT6tZm7,0.247,0.438,5,-8.478,1,0.0358,0.0447,0.000867,0.111,0.39,185.711
TV Girl,Birds Dont Sing,21LkHnuxPxVrOZ5gCaG7aM,0.605,0.942,7,-4.549,1,0.0655,0.016,0.0,0.137,0.8,106.562
Laufey,From The Start,1Ukxccao1BlWrPhYkcXbwZ,0.664,0.405,1,-7.413,1,0.08,0.877,0.000765,0.11,0.743,81.89
Chas McDevitt Skiffle Group,Freight Train (feat. Nancy Whiskey),7ikyLstKEKaFkcyCD0B7hn,0.665,0.585,7,-8.068,1,0.0333,0.561,0.0,0.124,0.9,126.22
Metro Boomin,Am I Dreaming,46631VBdAu3LkySeMIHJtd,0.6,0.537,9,-7.777,0,0.0362,0.0468,0.0038,0.206,0.126,90.061
Liana Flores,rises the moon,51Grh1RyUDcMBbpuyUIUHI,0.483,0.129,5,-20.149,0,0.0349,0.947,0.145,0.106,0.203,137.35
POP ETC,Speak Up,3WPVBSy8gle6w4Fd0NVXS7,0.148,0.808,9,-6.888,0,0.0869,0.286,3.17e-05,0.122,0.342,175.505
Jean Knight,Mr. Big Stuff,2Bls0igCm79XQQ95IoUbhq,0.886,0.491,8,-12.589,1,0.171,0.29,2.46e-06,0.229,0.971,93.236
The Platters,Twilight Time - Single Version,3MpGQae6zAFd7Z1FdLV9fV,0.455,0.361,9,-12.562,1,0.0473,0.747,0.0,0.238,0.285,115.854
Derek & The Dominos,Layla,2kkvB3RNRzwjFdGhaUA0tz,0.404,0.902,1,-3.88,1,0.0665,0.577,0.297,0.287,0.497,115.669
King Gizzard & The Lizard Wizard,Homeless Man in Adidas,0CM5wgG37qFy9uyQqcoWMu,0.452,0.661,0,-14.165,1,0.125,0.839,0.917,0.845,0.564,90.07
Charlie Burg,Lovesong (The Way),5vqpCnyRNOAHbho0R67DrO,0.546,0.468,9,-7.64,1,0.0605,0.4,0.0,0.172,0.427,113.4
Hot Flash Heat Wave,Gutter Girl,1sEzuZNasuG8s1OOHwYfN2,0.519,0.809,1,-6.074,1,0.0646,0.182,0.51,0.0951,0.284,111.986
ABBA,Fernando,4BM8yJ0PzBi2ZewpMTOxtx,0.354,0.535,9,-8.876,1,0.0303,0.627,2.9e-06,0.0808,0.434,110.821
Savannah Conley,More Than Fine,4BAT0xxJnymne7WzeT0Upq,0.645,0.551,10,-6.778,0,0.0308,0.0485,0.021,0.102,0.363,146.003
Young the Giant,Mind Over Matter,5Az8KU81g2aLBbJN67F2CI,0.466,0.763,0,-4.448,1,0.0318,0.000501,0.0,0.0973,0.293,154.914
Future Crib,Yer Movin',5YuOQVhJntmGsZY8t7d1rX,0.239,0.453,4,-13.244,1,0.0328,0.143,0.0,0.375,0.417,196.704
Bob Dylan,Like a Rolling Stone,3AhXZa8sUQht0UEdBJgpGc,0.482,0.721,0,-6.839,1,0.0321,0.731,0.0,0.189,0.557,95.263
benches,Violent,6WbzgXBdZZPV2Zfpy7rHsA,0.386,0.966,11,-4.319,0,0.0715,0.000162,0.00178,0.401,0.517,162.016
Musical Youth,Pass The Dutchie,1BkY0N8ChFk2mdLbAUu8ZK,0.805,0.418,7,-14.374,1,0.0978,0.459,0.0,0.288,0.966,149.737
Ryan Gosling,"City Of Stars - From ""La La Land"" Soundtrack",6XQHlsNu6so4PdglFkJQRJ,0.492,0.116,2,-15.15,0,0.0379,0.899,1.93e-06,0.0889,0.434,111.787
Maya Hawke,Thérèse,1LklAGxyeK07JYRzw3Vzx9,0.623,0.354,9,-11.988,0,0.0394,0.948,0.0052,0.0998,0.358,104.32
Current Joys,A Different Age,5iMXCDWA4FxPNcOnq0HrpJ,0.627,0.371,2,-10.621,1,0.0269,0.638,0.0672,0.0759,0.361,143.932
Wayne Newton,Danke Schoen,3H8Sn0mYsZMPPlMCbebOJ5,0.39,0.46,9,-8.711,0,0.0455,0.803,0.0,0.102,0.694,147.335
La Roux,Bulletproof,3kMrazSvILsgcwtidZd1Qd,0.674,0.882,3,-2.771,0,0.0477,0.000441,6.62e-05,0.068,0.682,123.017
Jason Segel,Man Or Muppet,1JyG5yuwpN0VIi4wbqvDfB,0.56,0.404,5,-8.817,1,0.0357,0.21,0.00049,0.197,0.157,145.612
U2,I Still Haven't Found What I'm Looking For - Remastered 2007,3MRQ3CSjoiV1HFil8ykM9M,0.565,0.764,1,-9.43,1,0.0351,0.0139,0.00488,0.079,0.686,100.891
The Raconteurs,"Steady, As She Goes",19iqWNzp5LwEdvntpEK8MP,0.525,0.578,9,-4.563,1,0.12,0.0132,0.00916,0.108,0.537,123.696
The Ink Spots,Into Each Life Some Rain Must Fall - Single Version,70Hl6QYIJGmrR7NBl666Y6,0.648,0.123,0,-14.812,1,0.0602,0.987,0.117,0.1,0.496,65.795
Ace of Base,The Sign,0hrBpAOgrt8RXigk83LLNE,0.808,0.786,4,-6.897,0,0.0447,0.00928,0.0701,0.0574,0.899,96.987
Vulfpeck,1612,39rHfrVqCX6A55GF7uOZSC,0.678,0.392,0,-11.328,1,0.274,0.177,0.0045,0.0839,0.711,171.276
Nordista Freeze,Hey GiGi,4TwuoXd0Zmz3R1FPAybzb3,0.599,0.754,6,-7.104,0,0.0402,0.00308,0.011,0.379,0.745,112.033
The Chainsmokers,New York City,4v1CvZazmdpxQLEt3sCeKH,0.564,0.639,4,-6.828,0,0.038,0.0127,0.0,0.133,0.0624,126.062
Suki Waterhouse,Johanna,6gH2V6XzhDXfTqml6c2w4Z,0.528,0.824,9,-4.095,1,0.0346,0.016,7.14e-05,0.237,0.609,119.959
Pete Rodriguez,I Like It Like That,6Wy3X4jSszfisnRscJCHdq,0.596,0.7,5,-4.911,0,0.0323,0.68,0.000277,0.623,0.926,133.45
Calvin Harris,Summer,6YUTL4dYpB9xZO5qExPf05,0.596,0.856,4,-3.556,0,0.0346,0.0211,0.0178,0.141,0.743,127.949
The Rare Occasions,Notion,0sTlGEld0h8kIPZaKDYUf4,0.309,0.883,9,-3.825,1,0.0808,0.0673,0.00111,0.0849,0.312,159.488
a-ha,Take on Me,2WfaOiMkCvy7F5fcp2zZ8L,0.573,0.902,6,-7.638,0,0.054,0.018,0.00125,0.0928,0.876,84.412
Rush,Working Man,1gkn90ExKRNAOlhDs4RoW0,0.202,0.835,9,-11.04,1,0.0599,0.00383,0.0388,0.126,0.661,156.883
Traffic,Dear Mr. Fantasy,5CGpPUcUahMuLzkNK9ZgPP,0.24,0.615,2,-14.117,1,0.0677,0.171,0.0125,0.0801,0.768,166.657
Starbuck,Moonlight Feels Right,7sfMjwBcAatrNH46rn1YsK,0.67,0.778,7,-8.11,1,0.0274,0.468,7.52e-05,0.115,0.853,120.391
Van Halen,Drop Dead Legs - 2015 Remaster,49KoX0qpXf3wHyP9nfUaqq,0.502,0.842,2,-5.383,1,0.0413,0.234,0.00012,0.194,0.724,89.205
The Troggs,Wild Thing,7jGzYUZ2Bgg8BDfYlQRfn8,0.453,0.658,9,-13.472,1,0.0539,0.741,0.0288,0.135,0.761,203.871
Led Zeppelin,Good Times Bad Times - 1993 Remaster,0QwZfbw26QeUoIy82Z2jYp,0.476,0.717,9,-9.192,1,0.0949,0.0382,7.61e-05,0.0818,0.753,93.584
The Byrds,Turn! Turn! Turn! (To Everything There Is a Season),5qBqBdfTEIWJwAS0Jm2F5R,0.451,0.818,2,-8.124,1,0.0439,0.135,2.92e-05,0.052,0.755,124.532
Cream,Sunshine Of Your Love,2K2M0TcglCRLLpFOzKeFZA,0.683,0.594,2,-8.289,1,0.0347,0.385,8.61e-05,0.121,0.734,115.099
Justin Timberlake,SexyBack (feat. Timbaland),0O45fw2L5vsWpdsOdXwNAR,0.967,0.583,7,-5.562,0,0.0789,0.0584,0.0,0.0519,0.964,117.0
David Bowie,Suffragette City - 2012 Remaster,3YZa4IzxK2UtEKTvdTgsi8,0.455,0.883,2,-9.159,1,0.0384,0.368,0.0,0.277,0.782,142.638
Ludwig van Beethoven,"Sonata No. 14 in C-Sharp Minor, Op. 27, No. 2 ""Moonlight"": I. Adagio sostenuto",0PEV70jKys05uXEkUDy0aJ,0.112,0.00376,1,-41.816,0,0.0499,0.993,0.953,0.0936,0.104,63.364
Avicii,Wake Me Up,0nrRP2bk19rLc0orkWPQk2,0.532,0.783,2,-5.697,1,0.0523,0.0038,0.0012,0.161,0.643,124.08
The Who,La-La-La-Lies,70KzBhVeJIy40i76AxIcpx,0.269,0.762,2,-6.875,1,0.0615,0.188,0.00425,0.0986,0.944,83.215
The Spinners,The Rubberband Man,13Mzsb8VzRSZ5w3pM48cn6,0.801,0.446,10,-14.604,1,0.0745,0.74,0.038,0.0832,0.924,97.894
MGMT,Time to Pretend,4iG2gAwKXsOcijVaVXzRPW,0.438,0.94,2,-3.249,1,0.0452,8.74e-05,0.0777,0.3,0.421,100.99
Hootie & The Blowfish,Only Wanna Be With You,1OFKUn2VLafrHj7ybnap0Q,0.49,0.873,6,-5.861,1,0.0355,0.107,5.19e-06,0.118,0.513,103.272
Sheck Wes,Mo Bamba,1xzBco0xcoJEDXktl7Jxrr,0.729,0.625,4,-5.266,1,0.0315,0.194,0.00986,0.248,0.261,146.034
Claire Rosinkranz,123,1rMOBVrmIwJPwDdK861KGk,0.785,0.701,11,-4.671,1,0.0789,0.187,1.1e-06,0.276,0.715,92.005
Ringo Starr,Photograph,1hwN2eAwsXgktvw9Qe8TrP,0.617,0.696,4,-12.739,1,0.0282,0.0155,0.000199,0.108,0.9,111.136
The Proclaimers,I'm Gonna Be (500 Miles),67iAlVNDDdddxqSD2EZhFs,0.851,0.551,4,-5.177,1,0.0396,0.151,0.0,0.0827,0.807,131.922
Duran Duran,Rio - 2009 Remaster,43eBgYRTmu5BJnCJDBU5Hb,0.544,0.873,9,-7.425,1,0.0525,0.0415,1.82e-05,0.0925,0.676,140.902
cassö,Prada,59NraMJsLaMCVtwXTSia8i,0.638,0.717,8,-5.804,1,0.0375,0.001,1.79e-06,0.113,0.422,141.904
Sophie Ellis-Bextor,Murder On The Dancefloor,4tKGFmENO69tZR9ahgZu48,0.73,0.849,1,-5.281,0,0.0299,0.00234,2.57e-05,0.312,0.887,117.308
Kenya Grace,Strangers,593knnQN4REEshx8th9zgK,0.628,0.523,11,-8.307,0,0.0946,0.701,0.00274,0.219,0.416,169.982
Ella Henderson,Alibi (feat. Rudimental),5Jpz4nv8nA6FIYO5gEyQa2,0.545,0.793,0,-3.615,0,0.0371,0.191,0.00281,0.335,0.411,87.024
Bryson Tiller,Whatever She Wants,57wp7VFnV8X0pSVnYArGeJ,0.803,0.512,9,-6.871,0,0.066,0.128,0.0,0.0928,0.435,96.02
Emmanuel Kelly,My Sky,5Xm4waAonmMBjTyG9IR6bC,0.525,0.801,4,-7.282,1,0.0397,0.00338,4.02e-06,0.0587,0.239,127.993
Kygo,Whatever,0LMwmV37RCmBO2so0szAFs,0.58,0.777,3,-5.69,1,0.0655,0.104,0.0,0.342,0.589,108.005
Good Neighbours,Home,6dpLxbF7lfCAnC9QRTjNLK,0.583,0.676,6,-4.44,1,0.0298,0.0289,0.0634,0.121,0.134,77.002
Richy Mitch & The Coal Miners,Evergreen,6me7F0aaZjwDo6RJ5MrfBD,0.555,0.216,3,-11.661,1,0.0721,0.557,0.00416,0.109,0.504,79.109
Drake,One Dance,1zi7xx7UVEFkmKfv06H8x0,0.792,0.625,1,-5.609,1,0.0536,0.00776,0.0018,0.329,0.37,103.967
Ariana Grande,bye,1Rweq7vNjK4kZBbGrmxQsl,0.606,0.645,2,-4.835,0,0.0333,0.204,0.0,0.14,0.453,110.016
Drake,Rich Baby Daddy (feat. Sexyy Red & SZA),1yeB8MUNeLo9Ek1UEpsyz6,0.636,0.729,2,-4.495,1,0.055,0.0458,0.0,0.384,0.141,146.009
The Goo Goo Dolls,Iris,6Qyc6fS4DsZjB2mRW9DsQs,0.315,0.715,11,-8.072,0,0.0362,0.00125,7.97e-06,0.0942,0.497,155.925
The Weeknd,Popular (with Playboi Carti & Madonna),7GUhiAHLoVy1V8ucQuZ3CB,0.854,0.674,1,-6.23,1,0.184,0.0517,8.53e-05,0.509,0.848,99.022
Olivia Rodrigo,so american,5Jh1i0no3vJ9u4deXkb4aV,0.435,0.947,8,-1.896,1,0.117,0.0337,0.0,0.691,0.503,93.278
Kings of Leon,Sex on Fire,0ntQJM78wzOLVeCUAW7Y45,0.542,0.905,9,-5.653,1,0.054,0.00172,0.0104,0.136,0.374,153.398
Dave,Sprinter,2FDTHlrBguDzQkp7PVj16Q,0.918,0.681,1,-4.705,1,0.201,0.263,0.0,0.0615,0.706,139.057
Taylor Swift,Anti-Hero,0V3wPSX9ygBnCm8psDIegu,0.633,0.648,4,-6.645,1,0.062,0.121,2.62e-06,0.161,0.49,96.888
Future,Slimed In,2GLWhy9iiO1wrLUF5l4FtJ,0.749,0.403,1,-8.395,0,0.135,0.103,0.000186,0.324,0.0619,118.153
Future,Claustrophobic,57ELn9TPDIhrpl0dasS465,0.681,0.607,1,-5.815,1,0.259,0.0501,1.54e-05,0.449,0.225,73.562
Future,Magic Don Juan (Princess Diana),7pBcryEKcUEaWHwAu1wUyP,0.596,0.507,1,-5.719,0,0.227,0.0404,2.67e-06,0.164,0.0988,139.194
Future,Runnin Outta Time,4q7y1JFDBJSBSLqXVgcI51,0.777,0.463,10,-7.573,0,0.242,0.231,4.29e-06,0.366,0.18,105.998
Future,Fried (She a Vibe),28xOPIPw0joNPwYd0asIT5,0.833,0.688,6,-4.581,0,0.197,0.00211,0.0,0.719,0.375,145.03
Rich Amiri,ONE CALL,69phA1R4gmQsBFRQ3INW8C,0.65,0.539,1,-7.281,1,0.0561,0.00617,2.67e-05,0.114,0.253,158.105
Zach Bryan,Something in the Orange,3WMj8moIAXJhHsyLaqIIHI,0.369,0.192,4,-12.151,0,0.04,0.555,8.35e-06,0.0954,0.148,175.212
Future,Everyday Hustle,3Vg7nPYlOrCkcV1abKbRQ1,0.557,0.704,6,-5.641,0,0.39,0.0595,0.0,0.676,0.378,179.494
Morgan Wallen,Last Night,7K3BhSpAxZBznislvUMVtn,0.492,0.673,6,-5.431,1,0.0347,0.413,0.0,0.137,0.488,203.812
Hozier,Wildflower and Barley,5AchurLxOrkSX5YVoH4FeJ,0.445,0.429,7,-10.029,1,0.0477,0.33,0.000386,0.178,0.388,168.104
Future,Ain't No Love,72qABvaqn3TP6drO2tByA6,0.754,0.673,9,-6.341,1,0.131,0.0842,8.59e-05,0.0841,0.112,147.02
Future,GTA,4XF9fk0STp9hx8xn5Suwpz,0.851,0.647,9,-6.336,1,0.171,0.00147,0.00251,0.498,0.318,126.016
BigXthaPlug,Mmhmm,4QTlxavdQGUVitxAvQqqkU,0.93,0.682,9,-8.799,1,0.331,0.028,0.0,0.129,0.962,126.003
Yeat,Breathe,5NAOhPAZ57eFAXr3qatS6i,0.76,0.546,11,-13.092,1,0.0616,0.0284,0.924,0.103,0.113,118.051
Morgan Wallen,Thinkin’ Bout Me,0PAcdVzhPO4gq1Iym9ESnK,0.659,0.789,3,-5.723,0,0.0293,0.487,0.0,0.115,0.468,139.982
SZA,Snooze,4iZ4pt7kvcaH6Yo8UoZ4s2,0.559,0.551,5,-7.231,1,0.132,0.141,0.0,0.11,0.392,143.008
Hozier,Empire Now,5j0YSeIXeBWxvDFQkxXfeM,0.448,0.451,9,-6.483,0,0.0298,0.685,0.0,0.11,0.368,89.938
Benson Boone,Slow It Down,6WO7IDGLakjO38lsvI2gHB,0.432,0.583,8,-4.682,1,0.0687,0.174,0.0,0.0933,0.544,181.489
Lil Tecca,500lbs,6rjuKpPydT2SxN15TZpV7r,0.724,0.779,7,-5.412,0,0.0807,0.098,0.0,0.127,0.53,123.013
Don Toliver,Bandit,7sTyAjxDXq9afwfSQy6D0s,0.686,0.733,2,-5.268,1,0.0576,0.00567,0.0,0.246,0.141,130.095
Coldplay,Don't Panic,2QhURnm7mQDxBb5jWkbDug,0.602,0.612,0,-8.409,1,0.0335,0.206,0.00607,0.107,0.453,122.062
Coldplay,Shiver,0qksx8mV28lztYIZ1om8ml,0.396,0.803,4,-6.186,1,0.0487,0.0334,0.0,0.0688,0.286,116.705
Coldplay,Spies,2mLgOcRkEgq89j8WstUpui,0.309,0.673,1,-5.524,0,0.0319,0.0236,0.000144,0.0635,0.0732,147.599
Coldplay,Sparks,7D0RhFcb3CrfPuTJ0obrod,0.371,0.268,1,-10.506,1,0.0281,0.748,0.0517,0.104,0.165,102.617
Coldplay,Yellow,3AJwUDP919kvQ9QcozQPxg,0.429,0.661,11,-7.227,1,0.0281,0.00239,0.000121,0.234,0.285,173.372
Coldplay,Trouble,0R8P9KfGJCDULmlEoBagcO,0.565,0.546,11,-7.496,0,0.0314,0.189,0.0015,0.17,0.195,139.757
Coldplay,Parachutes,4qzoHxgp42ylb18ga1SWTL,0.555,0.0845,4,-18.348,1,0.0518,0.871,2.27e-06,0.138,0.375,137.001
Coldplay,High Speed,2DHgvPQD1jApRnT1DBZdrS,0.495,0.525,7,-9.342,0,0.0301,0.396,0.00736,0.0961,0.249,154.466
Coldplay,We Never Change,5TB6QgrF0RPIxSCGfRDLoe,0.433,0.288,6,-10.801,0,0.0296,0.535,0.000169,0.105,0.131,136.939
Coldplay,Everything's Not Lost - Includes Hidden Track 'Life Is For Living',1RNtm45kw0hPMBz7gKiIYu,0.374,0.456,6,-7.35,0,0.0368,0.104,0.000176,0.197,0.0763,135.643
Coldplay,A Head Full of Dreams,6f49kbOuQSOsStBpyGvQfA,0.449,0.92,11,-4.982,1,0.0737,0.0021,0.0167,0.334,0.0772,122.984
Coldplay,Birds,3HWDWyIqWuLsTHECx9DvXF,0.559,0.841,0,-5.584,1,0.0332,0.000315,0.437,0.0816,0.147,105.009
Coldplay,Hymn for the Weekend,3RiPr603aXAoi4GHyXx0uy,0.491,0.693,0,-6.487,0,0.0377,0.211,6.92e-06,0.325,0.412,90.027
Coldplay,Everglow,5qfZRNjt2TkHEL12r3sDEU,0.534,0.445,4,-9.155,1,0.0292,0.456,0.0684,0.112,0.136,146.107
Coldplay,Adventure of a Lifetime,69uxyAqqPIsUyTO8txoP2M,0.638,0.924,7,-3.887,1,0.036,0.00205,0.000175,0.149,0.53,111.995
Coldplay,Fun (feat. Tove Lo),7fJFDK6XjYsXcMKNHESbot,0.485,0.735,0,-5.125,1,0.0354,0.271,7.49e-06,0.0853,0.216,134.021
Coldplay,Kaleidoscope,7IX7VAXujvcZ3e1PG7sGP7,0.288,0.285,7,-18.193,0,0.0355,0.964,0.897,0.406,0.148,127.122
Coldplay,Army of One,4giCxIFPZNQIP4bIZM4sqH,0.387,0.659,3,-6.492,1,0.0434,0.275,6.44e-05,0.0861,0.287,146.048
Coldplay,Amazing Day,3wtV2ifnHzirkAElgTGh63,0.451,0.636,5,-5.796,1,0.0274,0.017,0.435,0.141,0.289,97.041
Coldplay,Colour Spectrum,3VqiD8Yvk6bKwqS1e64PHB,0.348,0.166,11,-20.349,1,0.0376,0.852,0.915,0.137,0.0337,123.58
Coldplay,Up&Up,31L9yLXSj6LpCFupyMV6CR,0.479,0.717,7,-5.459,1,0.0605,0.0488,0.000333,0.102,0.253,163.989
Coldplay,A Sky Full of Stars,0FDzzruyVECATHXKHFs9eJ,0.545,0.675,6,-6.474,1,0.0279,0.00617,0.00197,0.209,0.162,124.97
Suki Waterhouse,Good Looking,0j3mqDTK4Z6lvrLzFCUUz6,0.365,0.554,4,-9.076,1,0.03,0.079,0.000358,0.125,0.259,150.11
Darci,Wild Horse,2wgBBqtX5x2UfcJItChy3H,0.633,0.526,6,-8.433,0,0.105,0.000453,0.000136,0.08,0.276,91.97
RAYE,Escapism.,5Z2MiIZ5I3jJvvmeWMLbOQ,0.538,0.742,2,-5.355,1,0.114,0.138,4.67e-05,0.0934,0.25,96.107
Hotel Ugly,Shut up My Moms Calling,3hxIUxnT27p5WcmjGUXNwx,0.485,0.409,9,-10.711,0,0.101,0.325,0.0,0.103,0.376,138.419
The Weeknd,Stargirl Interlude,4EDijkJdHBZZ0GwJ12iTAj,0.638,0.474,5,-12.7,0,0.124,0.351,0.191,0.105,0.441,179.771
suisside,Dark Side Of The Moon,33iv4ikGd0KboI6xNPL80i,0.381,0.816,10,-9.256,1,0.196,0.0772,0.0,0.859,0.225,130.254
NAV,Some Way,7zxRMhXxJMQCeDDg0rKAVo,0.745,0.715,0,-6.103,1,0.351,0.101,0.0,0.0919,0.34,154.963
Animal Sun,girl in blue,29ftVo3C2fq2phOEjJkTYm,0.624,0.837,7,-5.284,0,0.0649,0.0639,2.51e-06,0.136,0.891,140.078
Darci,Cold (feat. CADE),6vW6R25Gp5dbXKShm40gfg,0.455,0.721,8,-8.877,1,0.111,0.15,0.0,0.108,0.133,84.923
The 1975,About You,1fDFHXcykq4iw8Gg7s5hG9,0.416,0.762,2,-7.385,1,0.0279,0.312,0.804,0.0559,0.461,95.967
Kali Uchis,Moonlight,2i2gDpKKWjvnRTOZRhaPh2,0.64,0.719,7,-6.452,0,0.0516,0.477,0.0,0.16,0.889,136.79
The 1975,Robbers,73jVPicY2G9YHmzgjk69ae,0.62,0.692,4,-6.859,1,0.029,0.00036,1.81e-05,0.335,0.387,99.806
Steve Lacy,Basement Jack,3NOIkyNWG0fEjkPkq9HVMW,0.644,0.931,8,-5.343,0,0.0689,0.15,0.0547,0.386,0.911,174.881
Roar,Christmas Kids,40gk32E7YaTFoQwDIWv2SY,0.425,0.754,2,-6.028,1,0.0367,0.0104,0.112,0.438,0.558,152.092
Angus & Julia Stone,Big Jet Plane,7znAjItIP7xKKhyFzF5W1B,0.762,0.387,10,-8.643,0,0.0277,0.239,0.00756,0.13,0.274,109.959
Whirr,Leave,6yjtcpFf9dLgflkS52PYNa,0.231,0.799,8,-6.708,0,0.0441,0.000513,0.905,0.937,0.153,93.352
The Neighbourhood,Reflections,2xql0pid3EUwW38AsywxhV,0.648,0.594,11,-7.027,0,0.0293,0.114,0.0462,0.116,0.544,113.983
gabriel black,dead yet (with phem),3RjRC6tGZlqYIYvkRLbHwQ,0.54,0.555,10,-4.799,1,0.0322,0.0761,0.0,0.0888,0.566,146.79
Alex Ebert,Truth,4bfJiyUSD9ASLnujxn0lG3,0.549,0.497,5,-8.385,1,0.0795,0.178,0.006,0.206,0.385,80.489
Claire Rosinkranz,Frankenstein,1xSmjB0t19q4CSJ0X0ymGB,0.826,0.745,2,-6.091,1,0.141,0.13,1.32e-05,0.178,0.883,119.92
Pity Party (Girls Club),Somewhere in the Universe,2sLAKUdiwa7Ik8XY2ow3DE,0.383,0.461,3,-10.844,1,0.0592,0.427,0.367,0.119,0.106,172.221
The Weeknd,Less Than Zero,2D4dV2KXDTszzJ3p3cFqhA,0.535,0.791,0,-5.55,1,0.0327,0.00096,0.000155,0.0788,0.5,142.981
Lexi Jayde,drunk text me,5gukv8x9eP58gFy2OcZEBQ,0.534,0.493,0,-6.818,1,0.0316,0.286,0.0,0.0889,0.232,79.97
Lana Del Rey,Art Deco,5jqNQZBwbZWQXPWfo0ygZF,0.282,0.464,11,-11.112,0,0.0533,0.544,0.215,0.111,0.0596,148.345
Kenya Grace,Strangers,5mjYQaktjmjcMKcUIcqz4s,0.628,0.523,11,-8.307,0,0.0946,0.701,0.00274,0.219,0.416,169.982
TV Girl,Lovers Rock,6dBUzqjtbnIa1TwYbyw5CM,0.559,0.871,5,-5.338,0,0.0397,7.53e-06,0.00545,0.096,0.572,104.97
Metro Boomin,Trance (with Travis Scott & Young Thug),5wG3HvLhF6Y5KTGlK0IW3J,0.765,0.552,1,-7.524,0,0.309,0.175,0.0,0.193,0.492,119.476
Isabel LaRosa,older,75c2zaSdDBSX0A8Jyvm4fO,0.466,0.51,3,-7.31,0,0.0348,0.0842,1.55e-06,0.0912,0.418,67.513
Dominic Fike,Mama's Boy,65leXqfkdViSssEVN23uYL,0.807,0.354,9,-7.554,1,0.0321,0.15,0.713,0.186,0.602,78.964
Bob Dylan,Knockin' On Heaven's Door,6HSXNV0b4M4cLJ7ljgVVeh,0.513,0.396,7,-13.061,1,0.0299,0.251,0.177,0.11,0.229,140.208
Cults,Gilded Lily,3Z0qLOS0cqWKPHXkbTXmNF,0.4,0.571,11,-6.534,0,0.0288,0.468,3.05e-05,0.519,0.146,61.859
iann dior,Darkside,6IxHk0uFSBTwTiNDsWfqIv,0.695,0.869,5,-6.914,1,0.0264,0.71,0.0,0.343,0.92,123.991
Lana Del Rey,Margaret (feat. Bleachers),1o82DwNisONAd2mu1RcGE6,0.34,0.245,9,-13.352,1,0.0319,0.969,0.0992,0.0633,0.192,103.777
Cage The Elephant,Broken Boy,0RbcDELsGTciLeMGsSdJAc,0.52,0.931,4,-3.051,1,0.0969,0.0018,0.000306,0.115,0.557,166.018
Hayd,All of the Stars,1mjhuvf6QZTniMwb2dHjtp,0.61,0.31,0,-12.953,1,0.0405,0.871,3.01e-06,0.0788,0.261,120.025
Chance Peña,i am not who i was,5uu2OCGGrTRS1sIvlMgKwe,0.697,0.22,0,-13.696,1,0.042,0.703,0.0,0.0891,0.194,129.966
Lana Del Rey,West Coast,5Y6nVaayzitvsD5F7nr3DV,0.527,0.591,6,-7.664,0,0.0396,0.194,0.0194,0.0907,0.461,123.167
Henry Morris,Taste of Metal,6ac7zxx5odBoNp7MoElL1F,0.543,0.604,7,-9.277,0,0.0401,0.393,0.748,0.0809,0.28,149.031
OneRepublic,Secrets,1NhPKVLsHhFUHIOZ32QnS2,0.516,0.764,2,-6.223,1,0.0366,0.0717,0.0,0.115,0.376,148.021
OneRepublic,Stop And Stare,0pg4ptWsO9eMH6nEhrM9fD,0.492,0.859,4,-4.274,1,0.0332,0.067,0.0,0.0756,0.251,92.474
sapientdream,Past Lives,3oELxRDbAzyvOodhd5FQzB,0.711,0.343,3,-10.772,1,0.0301,0.918,0.518,0.125,0.143,116.008
Artemas,i like the way you kiss me,2GxrNKugF82CnoRFbQfzPf,0.599,0.946,11,-4.263,1,0.0447,0.000938,0.0106,0.0826,0.747,151.647
The Weeknd,Save Your Tears,5QO79kh1waicV47BqGRL3g,0.679,0.825,0,-5.487,1,0.0309,0.0212,1.21e-05,0.543,0.644,118.049
Henry Morris,Paradise,7BQpgrL15I7wYGS47i1fOm,0.525,0.558,2,-10.044,1,0.0342,0.0851,0.945,0.128,0.247,144.988
keshi,drunk,6D6HVKe7Qu3imn4zzJD0W9,0.691,0.389,4,-8.247,1,0.0367,0.765,0.0,0.0941,0.306,104.952
Dutch Melrose,RUNRUNRUN,3jwQt00cvkN57H6ZR75W2K,0.541,0.615,6,-10.595,0,0.0327,0.0161,1.48e-05,0.395,0.533,132.996
Arctic Monkeys,505,0BxE4FqsDD1Ot4YuBXwAPp,0.526,0.866,0,-5.822,1,0.0568,0.00287,7.78e-05,0.0945,0.248,140.266
Nick Cave & The Bad Seeds,O Children,73ZlmJxexVebFozgZhEhkd,0.498,0.564,4,-7.016,0,0.033,0.507,0.00149,0.058,0.235,121.628
Placebo,I Know,3ICRNTxEU4tRb3oBK8f1Nm,0.348,0.625,8,-8.084,1,0.0243,0.000904,0.0814,0.122,0.148,97.045
Taylor Swift,Fortnight (feat. Post Malone),2OzhQlSqBEmt7hmkYxfT6m,0.504,0.386,11,-10.976,1,0.0308,0.502,1.53e-05,0.0961,0.281,192.004
Lana Del Rey,Chemtrails Over The Country Club,7bPWdJgx8vek7S5i5yAtvG,0.334,0.276,4,-13.125,0,0.0643,0.877,0.000249,0.113,0.429,201.025
The Weeknd,Stargirl Interlude,5gDWsRxpJ2lZAffh5p7K0w,0.715,0.47,5,-12.638,0,0.0772,0.353,0.0923,0.104,0.426,89.965
Metallica,The Four Horsemen - Remastered,2YTwVDQOSGclX2N3AKetOP,0.224,0.938,0,-6.907,1,0.408,0.00157,0.0765,0.106,0.327,203.79
Mötley Crüe,Shout at the Devil,3ipNWIUXrhnfLT9nEfTgjr,0.514,0.928,5,-6.378,1,0.0698,0.0192,9.45e-05,0.0991,0.527,94.716
Ted Nugent,Wango Tango,2l6HrprjoJwGkzebFCTCkK,0.494,0.939,2,-6.889,1,0.296,0.0385,0.000546,0.708,0.552,171.233
Adelitas Way,Invincible,4FthwGFz9SVZgCVqxNXsSK,0.405,0.962,11,-4.894,1,0.0842,0.000213,2.31e-06,0.108,0.489,170.023
The Offspring,Come Out and Play,5JJDu0Z5DKe7mR31MGksSg,0.519,0.77,7,-8.788,1,0.0809,0.0675,3.48e-06,0.0762,0.921,158.29
Black Sabbath,Paranoid,1jzDzZWeSDBg5fhNc3tczV,0.429,0.631,4,-11.514,0,0.0769,7.85e-05,0.00411,0.175,0.376,162.734
Channel 3,Strength in Numbers,7FyTkYVjyY5fPJ2JzrorIZ,0.558,0.961,4,-6.624,1,0.0776,0.106,0.0,0.92,0.674,118.592
Scorpions,Rock You Like A Hurricane,0XIvZ82aDF7JiSi3ZE320u,0.482,0.601,7,-12.846,1,0.0486,0.00853,0.000187,0.249,0.774,125.619
Nirvana,Come As You Are,2RsAajgo0g7bMCHxwH3Sk0,0.5,0.824,4,-5.846,0,0.0388,0.00016,0.00161,0.0916,0.539,120.125
Cutting Crew,(I Just) Died In Your Arms,4ByEFOBuLXpCqvO1kw8Wdm,0.625,0.726,11,-11.402,0,0.0444,0.0158,0.000169,0.0625,0.507,124.945
Jet,Are You Gonna Be My Girl,305WCRhhS10XUcH6AEwZk6,0.606,0.957,2,-3.404,1,0.0814,0.00117,0.000295,0.14,0.603,105.105
